store_type,count,totalled_sales,sales_percentage
Mall Kiosk,7,630,100
Outlet,7,167.72,100
Super Store,23,3884.01,100
Mall Kiosk,2,60.06,100
Local,9,420.75,100
Super Store,2,59.22,100
Local,3,1949.61,100
Super Store,17,218.79,100
Super Store,3,27,100
Local,2,2600,100
Local,51,6118.47,100
Super Store,2,472,100
Super Store,56,111.44,100
Mall Kiosk,14,195.86,100
Local,53,14310,100
Mall Kiosk,7,2100,100
Outlet,9,648,100
Local,12,107.64,100
Local,2,539.8,100
Local,19,1330,100
Super Store,3,764.55,100
Local,24,4318.56,100
Super Store,7,119,100
Local,6,2520,100
Mall Kiosk,7,840,100
Super Store,7,252,100
Super Store,5,114.95,100
Mall Kiosk,16,608,100
Local,4,952,100
Local,360,5400,100
Mall Kiosk,2,13.6,100
Outlet,3,419.7,100
Mall Kiosk,24,18,100
Mall Kiosk,5,189.8,100
Local,12,289.08,100
Outlet,6,600,100
Outlet,7,153.72,100
Local,2,828,100
Local,97,2034.09,100
Local,24,527.76,100
Local,20,900,100
Local,11,289.08,100
Mall Kiosk,4,588,100
Local,19,364.04,100
Super Store,12,102.96,100
Outlet,2,167.72,100
Mall Kiosk,14,1008,100
Local,4,3000,100
Super Store,2,6.86,100
Outlet,4,1920,100
Local,1283,66664.68,100
Outlet,2,960,100
Mall Kiosk,5,47.9,100
Outlet,2,11.06,100
Outlet,2,3.38,100
Local,7,601.86,100
Local,5,3599.6,100
Local,231,20790,100
Outlet,4,150,100
Local,13,7020,100
Mall Kiosk,8,79.92,100
Outlet,3,55.35,100
Super Store,2,687.84,100
Local,316,28440,100
Mall Kiosk,2,7.9,100
Mall Kiosk,2,799.8,100
Super Store,6,1295.82,100
Mall Kiosk,6,1049.58,100
Mall Kiosk,5,37.95,100
Mall Kiosk,3,37.35,100
Mall Kiosk,6,162,100
Outlet,11,96.36,100
Mall Kiosk,2,1200,100
Local,7,503.16,100
Super Store,4,352,100
Local,73,3504,100
Super Store,3,135,100
Outlet,2,512,100
Super Store,47,3758.12,100
Super Store,6,107.46,100
Local,13,123.37,100
Outlet,36,2338.2,100
Outlet,2,2.7,100
Mall Kiosk,12,96.84,100
Mall Kiosk,8,384,100
Local,39,6822.27,100
Outlet,4,367.84,100
Mall Kiosk,6,46.44,100
Super Store,2,91,100
Local,20,322.8,100
Mall Kiosk,5,1225,100
Super Store,6,1176,100
Local,8,303.68,100
Local,90,1258.2,100
Local,4,751.68,100
Outlet,3,8.25,100
Super Store,11,219.45,100
Mall Kiosk,4,87.92,100
Local,32,142.4,100
Local,11,3762,100
Local,6,117.18,100
Local,217,1731.66,100
Local,5,2449.3,100
Super Store,18,145.26,100
Mall Kiosk,2,94.38,100
Mall Kiosk,3,58.5,100
Super Store,6,714,100
Local,11,879.45,100
Super Store,3,85.41,100
Mall Kiosk,19,85.5,100
Local,571,22840,100
Super Store,22,307.78,100
Local,3,890.73,100
Super Store,5,500,100
Super Store,6,131.94,100
Super Store,2,67.8,100
Super Store,31,2324.07,100
Local,15,614.85,100
Mall Kiosk,3,61.02,100
Mall Kiosk,3,131.67,100
Super Store,81,9720,100
Local,15,5400,100
Local,4,971.64,100
Local,7,105,100
Mall Kiosk,2,33,100
Mall Kiosk,9,1386,100
Super Store,52,1092,100
Super Store,7,238,100
Super Store,14,560,100
Outlet,3,126,100
Super Store,8,600,100
Mall Kiosk,20,1440,100
Local,12,630,100
Super Store,9,972,100
Local,23,117.3,100
Outlet,2,127.96,100
Local,5,769.3,100
Mall Kiosk,12,335.76,100
Mall Kiosk,20,160,100
Super Store,8,87.92,100
Outlet,11,198,100
Outlet,11,49.17,100
Super Store,35,1890,100
Local,2,3240,100
Local,2,704.7,100
Mall Kiosk,2,336,100
Local,2,98.78,100
Super Store,10,90,100
Outlet,4,120,100
Super Store,6,569.7,100
Outlet,3,20.7,100
Local,4,4800,100
Mall Kiosk,17,288.83,100
Local,2,105.38,100
Mall Kiosk,4,1260,100
Outlet,2,19.16,100
Local,2,499.9,100
Local,9,630,100
Super Store,6,576,100
Super Store,19,626.81,100
Super Store,21,1385.58,100
Mall Kiosk,11,32.78,100
Mall Kiosk,2,400,100
Mall Kiosk,20,53.4,100
Mall Kiosk,27,864,100
Local,80,3199.2,100
Local,130,12994.8,100
Super Store,5,1800,100
Outlet,3,29.97,100
Local,3,2160,100
Super Store,52,4576,100
Mall Kiosk,54,3507.3,100
Local,76,1023.72,100
Outlet,11,264,100
Mall Kiosk,8,1055.68,100
Local,30,989.1,100
Local,30,71.1,100
Local,11,27.5,100
Local,4,22,100
Local,2,736.78,100
Super Store,6,119.52,100
Mall Kiosk,2,590,100
Local,8,624,100
Mall Kiosk,2,599.7,100
Super Store,9,495,100
Local,2,45.36,100
Local,7,258.3,100
Outlet,2,251.86,100
Mall Kiosk,2,17.94,100
Super Store,3,7.5,100
Local,40,958.8,100
Local,30,7200,100
Super Store,12,1800,100
Mall Kiosk,9,395.82,100
Outlet,4,68.64,100
Super Store,74,888,100
Local,2,1271.76,100
Local,32,120,100
Super Store,2,77,100
Local,3,1133.58,100
Local,126,1323,100
Super Store,6,840,100
Mall Kiosk,4,130,100
Outlet,144,7482.24,100
Mall Kiosk,2,439.8,100
Outlet,3,41.25,100
Local,4,1319.6,100
Local,3,1980,100
Local,21,230.79,100
Mall Kiosk,111,1665,100
Outlet,3,44.82,100
Local,5,2400,100
Outlet,8,159.6,100
Outlet,154,4000.92,100
Outlet,3,56.49,100
Local,76,3040,100
Super Store,2,988,100
Local,9,31.05,100
Outlet,13,182,100
Local,50,12000,100
Outlet,3,251.91,100
Mall Kiosk,2,599.76,100
Mall Kiosk,12,107.76,100
Local,22,656.7,100
Mall Kiosk,23,368,100
Outlet,11,131.89,100
Local,273,819,100
Local,5,74.5,100
Outlet,61,122,100
Local,82,105.78,100
Outlet,16,128,100
Local,9,2700,100
Outlet,3,300,100
Mall Kiosk,21,220.5,100
Super Store,11,263.67,100
Mall Kiosk,4,528,100
Local,4,1932,100
Mall Kiosk,2,329.9,100
Outlet,3,899.64,100
Super Store,18,270,100
Local,6,48.06,100
Outlet,2,779.74,100
Mall Kiosk,3,251.79,100
Mall Kiosk,8,520,100
Local,322,1610,100
Super Store,18,62.1,100
Super Store,2,44.82,100
Mall Kiosk,2,311.74,100
Mall Kiosk,2,133.96,100
Local,4,169,100
Mall Kiosk,211,8222.67,100
Super Store,4,1104,100
Local,268,2412,100
Outlet,5,660,100
Local,3,209.79,100
Mall Kiosk,7,1960,100
Super Store,4,1980,100
Super Store,9,1170,100
Local,38,12160,100
Super Store,4,240,100
Mall Kiosk,2,281.88,100
Outlet,4,36,100
Super Store,45,67.5,100
Super Store,2,95.84,100
Local,2,129.8,100
Local,8,2800,100
Outlet,3,133.38,100
Outlet,3,108,100
Mall Kiosk,2,552,100
Local,9,207.27,100
Local,4,252,100
Outlet,4,196,100
Super Store,6,185.94,100
Super Store,2,66.42,100
Super Store,2,55.98,100
Outlet,2,197.94,100
Super Store,4,97.72,100
Super Store,3,294,100
Local,227,903.46,100
Local,4,527.56,100
Super Store,10,33.9,100
Local,2,1416,100
Outlet,3,810,100
Local,42,2100,100
Local,2,33.8,100
Local,3,2535,100
Super Store,2,90,100
Mall Kiosk,3,179.55,100
Local,2,799.84,100
Local,55,1316.7,100
Super Store,6,16.68,100
Super Store,3,494.85,100
Local,6,390,100
Local,18,162.54,100
Local,10,3080,100
Local,3,809.82,100
Local,37,4437.78,100
Super Store,22,162.36,100
Local,8,616,100
Local,24,2591.04,100
Mall Kiosk,9,504,100
Local,4,33.6,100
Local,8,1088,100
Outlet,2,16.5,100
Mall Kiosk,6,165,100
Mall Kiosk,35,139.65,100
Outlet,3,450,100
Super Store,18,112.5,100
Local,2,395.78,100
Local,119,13566,100
Local,2,741.86,100
Mall Kiosk,7,210,100
Super Store,4,119.8,100
Outlet,3,240,100
Mall Kiosk,3,594,100
Super Store,8,1680,100
Outlet,9,80.91,100
Local,3,2340,100
Super Store,3,59.13,100
Super Store,2,220,100
Local,15,1094.7,100
Outlet,12,71.88,100
Local,2,719.84,100
Local,27,756,100
Local,11,1760,100
Mall Kiosk,3,531,100
Mall Kiosk,3,272.61,100
Mall Kiosk,4,391.72,100
Local,12,1020,100
Local,15,3463.95,100
Local,77,770,100
Mall Kiosk,35,1540,100
Local,27,387.99,100
Local,9,486,100
Mall Kiosk,3,98.82,100
Mall Kiosk,14,896,100
Outlet,22,879.56,100
Outlet,4,89.88,100
Local,19,247.95,100
Outlet,3,81,100
Local,26,268.32,100
Super Store,2,27.9,100
Local,2,66.96,100
Outlet,2,1584,100
Mall Kiosk,24,300,100
Super Store,3,210,100
Outlet,2,64.9,100
Outlet,4,70.08,100
Local,2,448,100
Local,14,58.38,100
Super Store,5,319.6,100
Super Store,53,845.88,100
Super Store,3,179.55,100
Mall Kiosk,38,532,100
Local,10,1050,100
Local,148,10360,100
Outlet,3,288,100
Local,3,1031.76,100
Super Store,7,560,100
Local,2,1200,100
Super Store,11,880,100
Local,72,1800,100
Local,8,2880,100
Mall Kiosk,7,251.72,100
Local,89,2490.22,100
Outlet,2,26.1,100
Local,3,1364.61,100
Mall Kiosk,12,672,100
Super Store,9,296.73,100
Outlet,3,7.2,100
Mall Kiosk,2,271.84,100
Super Store,163,9780,100
Super Store,64,384,100
Outlet,2,720,100
Super Store,2,215.82,100
Local,16,192,100
Super Store,32,1536,100
Super Store,3,251.91,100
Local,3,269.55,100
Local,57,794.01,100
Outlet,3,192,100
Outlet,3,479.76,100
Super Store,12,65.88,100
Mall Kiosk,2,51.92,100
Local,96,774.72,100
Local,19,117.99,100
Super Store,6,78.84,100
Super Store,14,60.06,100
Outlet,3,720,100
Local,9,648,100
Mall Kiosk,18,1260,100
Mall Kiosk,2,267.92,100
Local,262,17016.9,100
Outlet,5,640,100
Super Store,3,437.88,100
Mall Kiosk,7,2310,100
Super Store,29,2609.13,100
Outlet,5,69.65,100
Local,4,395.56,100
Mall Kiosk,13,363.09,100
Local,12,81,100
Super Store,7,1260,100
Mall Kiosk,3,116.82,100
Outlet,2,287.96,100
Outlet,2,257.94,100
Local,35,118.65,100
Super Store,7,36.75,100
Super Store,36,360,100
Outlet,11,1319.56,100
Local,3,1320,100
Outlet,2,910,100
Super Store,2,455.76,100
Mall Kiosk,12,839.76,100
Mall Kiosk,2,153.72,100
Mall Kiosk,2,343.92,100
Local,6,77.4,100
Mall Kiosk,13,3120,100
Local,124,17360,100
Outlet,7,629.79,100
Outlet,6,191.88,100
Mall Kiosk,4,24,100
Mall Kiosk,10,24.9,100
Outlet,4,87.96,100
Local,21,13230,100
Super Store,5,2249.25,100
Super Store,3,1350,100
Super Store,2,599.8,100
Local,59,826,100
Outlet,5,1400,100
Mall Kiosk,6,16.5,100
Super Store,5,139.3,100
Local,37,518,100
Local,3,1091.61,100
Mall Kiosk,4,2160,100
Local,24,1583.28,100
Outlet,4,1260,100
Mall Kiosk,3,167.58,100
Local,9,102.06,100
Mall Kiosk,239,3104.61,100
Outlet,10,100,100
Local,22,922.46,100
Outlet,16,96,100
Super Store,13,117,100
Mall Kiosk,41,1148,100
Super Store,2,26.82,100
Local,2,426.24,100
Super Store,14,1540,100
Mall Kiosk,14,280,100
Super Store,11,72.38,100
Local,136,2176,100
Local,13,370.11,100
Local,2,419.72,100
Super Store,3,1286.61,100
Mall Kiosk,35,48.3,100
Outlet,10,38.7,100
Local,4,1792,100
Mall Kiosk,13,77.87,100
Local,15,206.25,100
Mall Kiosk,35,72.45,100
Outlet,50,2000,100
Super Store,211,422,100
Mall Kiosk,2,440,100
Local,12,1487.52,100
Mall Kiosk,58,4520.52,100
Super Store,11,616,100
Outlet,51,2040,100
Local,4,4356,100
Mall Kiosk,2,672,100
Mall Kiosk,3,792,100
Outlet,2,159.84,100
Outlet,5,1100,100
Super Store,3,959.76,100
Local,61,671,100
Local,489,3912,100
Mall Kiosk,5,224.95,100
Mall Kiosk,13,2730,100
Mall Kiosk,5,2000,100
Local,10,1004.7,100
Outlet,2,208,100
Local,17,296.65,100
Local,59,21240,100
Local,71,4260,100
Local,4,827.64,100
Local,8,838.8,100
Mall Kiosk,12,719.76,100
Local,6,323.46,100
Local,4,31.6,100
Local,16,4480,100
Local,3,79.38,100
Super Store,2,2.78,100
Outlet,2,218.94,100
Outlet,8,319.92,100
Local,4,23,100
Outlet,14,1260,100
Local,24,478.08,100
Local,68,1493.28,100
Local,2,329.7,100
Mall Kiosk,70,1680,100
Mall Kiosk,3,113.94,100
Super Store,3,56.94,100
Super Store,20,3117.6,100
Super Store,13,116.74,100
Outlet,3,21.36,100
Local,18,189,100
Super Store,3,89.55,100
Mall Kiosk,4,839.72,100
Local,2,132.86,100
Super Store,3,44.82,100
Outlet,2,72.98,100
Super Store,23,34.5,100
Super Store,8,224,100
Super Store,5,81.25,100
Super Store,83,830,100
Outlet,3,108,100
Mall Kiosk,4,103.48,100
Outlet,3,84,100
Local,30,7800,100
Local,9,295.65,100
Mall Kiosk,19,569.62,100
Outlet,3,180,100
Local,6,461.58,100
Local,3,51.03,100
Mall Kiosk,21,252,100
Local,31,1300.14,100
Web Portal,5,150,100
Mall Kiosk,11,3520,100
Local,5,55,100
Super Store,6,59.94,100
Local,194,1164,100
Mall Kiosk,4,1.96,100
Local,500,3000,100
Super Store,35,45.15,100
Mall Kiosk,48,288,100
Local,9,2016,100
Super Store,41,4100,100
Outlet,11,81.18,100
Local,12,840,100
Mall Kiosk,14,122.5,100
Local,2,802.78,100
Outlet,6,78,100
Mall Kiosk,12,45.36,100
Mall Kiosk,5,540,100
Mall Kiosk,13,1092,100
Mall Kiosk,5,95.8,100
Local,48,3120,100
Outlet,7,3.43,100
Super Store,2,251.86,100
Outlet,6,215.76,100
Local,4,1960,100
Super Store,7,1400,100
Local,14,161.98,100
Super Store,2,299.7,100
Local,3,155.76,100
Super Store,125,750,100
Super Store,14,15.4,100
Mall Kiosk,5,440,100
Outlet,3,158.97,100
Super Store,2,719.92,100
Local,7,279.65,100
Super Store,2,144,100
Mall Kiosk,2,364.9,100
Super Store,18,2376,100
Super Store,22,394.68,100
Outlet,15,2100,100
Mall Kiosk,4,1440,100
Mall Kiosk,3,420,100
Outlet,4,419.72,100
Super Store,5,98.7,100
Mall Kiosk,2,211.96,100
Mall Kiosk,9,132.84,100
Mall Kiosk,96,576,100
Super Store,28,392,100
Local,40,1680,100
Local,2,227.88,100
Local,5,1960,100
Super Store,3,239.85,100
Outlet,2,168,100
Local,11,15.29,100
Super Store,2,719.76,100
Local,2,60.9,100
Local,51,56.1,100
Super Store,5,1350,100
Local,3,1430.73,100
Local,49,9555,100
Super Store,10,319.6,100
Outlet,3,25.11,100
Outlet,2,156,100
Outlet,3,10.17,100
Super Store,14,392,100
Super Store,12,81.12,100
Local,53,236.91,100
Local,52,9152,100
Local,13,4679.48,100
Super Store,2,1560,100
Local,19,3798.1,100
Outlet,10,840,100
Mall Kiosk,2,8,100
Local,2,7.02,100
Local,9,1987.83,100
Outlet,22,1319.34,100
Mall Kiosk,11,440,100
Local,6,2340,100
Super Store,7,1512,100
Super Store,2,171.96,100
Local,2,743.76,100
Super Store,2,299.94,100
Super Store,3,431.76,100
Local,6,324,100
Local,10,840,100
Super Store,21,2519.37,100
Local,63,4533.48,100
Super Store,4,847.84,100
Local,12,2376,100
Local,14,1483.72,100
Local,26,5460,100
Local,7,250.25,100
Local,18,313.74,100
Super Store,2,1320,100
Local,5,1124.55,100
Super Store,2,1560,100
Outlet,2,9.2,100
Outlet,29,580,100
Outlet,5,2660,100
Mall Kiosk,5,41.25,100
Outlet,9,323.82,100
Super Store,3,863.88,100
Local,4,117,100
Super Store,4,53.8,100
Super Store,6,431.52,100
Local,35,3360,100
Mall Kiosk,4,167.72,100
Local,6,1247.22,100
Local,5,301.95,100
Local,27,5397.84,100
Local,5,2119.6,100
Mall Kiosk,3,599.7,100
Local,26,1272.18,100
Super Store,2,48.18,100
Local,11,2376,100
Mall Kiosk,3,294,100
Outlet,71,710,100
Super Store,4,13.6,100
Mall Kiosk,3,206.91,100
Local,13,17.55,100
Local,21,1029,100
Outlet,3,73.5,100
Super Store,59,706.23,100
Local,43,2107,100
Super Store,8,171.6,100
Local,533,6396,100
Local,25,897,100
Super Store,2,68,100
Super Store,4,2376,100
Local,5,1020,100
Local,7,587.16,100
Mall Kiosk,3,408,100
Mall Kiosk,8,208,100
Outlet,4,49.8,100
Local,26,286,100
Outlet,2,660,100
Local,28,726.88,100
Outlet,5,284.85,100
Local,23,2023.08,100
Local,4,134.12,100
Local,3,56.7,100
Local,567,11340,100
Outlet,3,8.37,100
Super Store,149,2980,100
Mall Kiosk,21,4091.85,100
Mall Kiosk,5,79.9,100
Super Store,7,2128,100
Super Store,2,495.84,100
Outlet,45,1440,100
Super Store,4,371.88,100
Mall Kiosk,4,351.84,100
Local,76,1820.96,100
Mall Kiosk,78,624,100
Mall Kiosk,5,93.75,100
Super Store,5,2275,100
Local,9,1151.28,100
Local,200,276,100
Mall Kiosk,9,323.73,100
Outlet,14,1960,100
Super Store,3,134.85,100
Local,897,897,100
Super Store,6,395.82,100
Local,29,1101.42,100
Super Store,16,1023.36,100
Mall Kiosk,10,199.5,100
Super Store,4,69.8,100
Mall Kiosk,12,1402.92,100
Local,7,499.59,100
Outlet,2,89.7,100
Super Store,2,27.04,100
Mall Kiosk,35,78.75,100
Super Store,24,288,100
Local,352,3157.44,100
Local,123,1476,100
Local,13,58.5,100
Outlet,3,288,100
Super Store,12,33.48,100
Local,12,2519.28,100
Outlet,2,53.88,100
Local,13,194.74,100
Outlet,5,50,100
Super Store,63,4910.22,100
Outlet,13,90.87,100
Local,44,3960,100
Super Store,6,551.76,100
Outlet,4,624,100
Mall Kiosk,15,134.85,100
Local,11,37.4,100
Super Store,20,107.6,100
Mall Kiosk,3,89.64,100
Mall Kiosk,44,880,100
Outlet,15,180,100
Super Store,3,28.47,100
Super Store,2,191.94,100
Super Store,4,1056,100
Super Store,33,1121.34,100
Outlet,2,600,100
Super Store,3,809.91,100
Mall Kiosk,17,595,100
Mall Kiosk,10,179.8,100
Super Store,3,1470,100
Local,4,4480,100
Outlet,8,131.76,100
Local,2,900,100
Local,4,47.6,100
Mall Kiosk,2,26.9,100
Local,30,1080,100
Local,14,3919.02,100
Local,9,621,100
Mall Kiosk,9,46.44,100
Local,62,744,100
Local,263,1578,100
Outlet,4,81.36,100
Mall Kiosk,32,768,100
Local,11,293.04,100
Outlet,3,3.6,100
Super Store,35,840,100
Mall Kiosk,13,143,100
Super Store,13,676,100
Mall Kiosk,3,65.67,100
Super Store,11,90.75,100
Super Store,6,161.94,100
Local,12,1008,100
Mall Kiosk,25,4375,100
Super Store,27,139.32,100
Outlet,2,59.7,100
Super Store,12,2100,100
Mall Kiosk,6,90,100
Local,39,780,100
Local,49,10290,100
Super Store,14,3850,100
Outlet,6,780,100
Local,64,281.6,100
Super Store,3,720,100
Super Store,3,179.85,100
Local,267,24278.31,100
Super Store,42,3780,100
Outlet,3,65.94,100
Local,75,336.75,100
Local,41,922.5,100
Super Store,2,196,100
Local,4,1199.76,100
Mall Kiosk,9,49.68,100
Super Store,30,600,100
Outlet,2,491.88,100
Local,6,164.34,100
Local,3,88.77,100
Local,8,6720,100
Local,25,1750,100
Mall Kiosk,14,69.72,100
Super Store,38,4560,100
Mall Kiosk,2,91,100
Mall Kiosk,27,118.26,100
Outlet,11,703.56,100
Mall Kiosk,31,21.39,100
Local,10,639.8,100
Local,15,4950,100
Mall Kiosk,3,116.61,100
Super Store,44,1759.12,100
Outlet,4,16.56,100
Mall Kiosk,63,376.74,100
Mall Kiosk,2,25.96,100
Local,48,4797.6,100
Local,2,104.7,100
Outlet,2,699.86,100
Super Store,47,8225,100
Super Store,2,26.4,100
Outlet,3,441,100
Outlet,3,104.85,100
Local,26,4368,100
Mall Kiosk,17,15.13,100
Local,525,4200,100
Mall Kiosk,4,1960,100
Local,16,9504,100
Super Store,86,215,100
Local,17,764.15,100
Super Store,11,1077.23,100
Mall Kiosk,4,79.92,100
Super Store,4,208,100
Outlet,8,72,100
Super Store,4,1232,100
Local,17,814.64,100
Outlet,9,98.82,100
Local,12,1907.64,100
Mall Kiosk,2,8.5,100
Super Store,2,208,100
Local,25,3000,100
Local,8,280,100
Local,2,1372,100
Super Store,3,50.85,100
Super Store,8,896,100
Super Store,7,3.5,100
Local,15,113.85,100
Mall Kiosk,69,3312,100
Local,11,549.89,100
Super Store,12,647.64,100
Outlet,3,40.35,100
Super Store,7,1960,100
Outlet,2,269.9,100
Local,89,7120,100
Local,6,81,100
Outlet,12,1800,100
Super Store,9,1890,100
Mall Kiosk,18,2338.2,100
Local,43,4730,100
Mall Kiosk,3,675,100
Super Store,5,5.75,100
Mall Kiosk,3,27.09,100
Outlet,13,26.91,100
Local,13,5200,100
Local,6,170.82,100
Outlet,12,2338.2,100
Mall Kiosk,11,330,100
Super Store,4,103.32,100
Mall Kiosk,4,29.96,100
Mall Kiosk,3,78,100
Mall Kiosk,12,1439.52,100
Local,15,135,100
Local,10,218.9,100
Outlet,10,320,100
Outlet,7,979.72,100
Local,47,309.26,100
Local,228,15048,100
Outlet,2,21,100
Outlet,9,630,100
Mall Kiosk,9,39.6,100
Outlet,16,479.68,100
Mall Kiosk,2,1470,100
Mall Kiosk,4,183.92,100
Outlet,9,1620,100
Mall Kiosk,2,90,100
Super Store,79,1185,100
Outlet,3,1200,100
Super Store,327,8495.46,100
Outlet,5,52.5,100
Mall Kiosk,18,917.46,100
Outlet,22,144.54,100
Super Store,17,6120,100
Super Store,3,383.76,100
Outlet,64,3840,100
Outlet,2,575.92,100
Local,2,340,100
Outlet,19,1519.24,100
Mall Kiosk,3,570,100
Local,41,309.96,100
Super Store,5,9.8,100
Mall Kiosk,9,378,100
Local,9,2106,100
Mall Kiosk,3,924,100
Super Store,13,33.54,100
Super Store,28,3920,100
Super Store,4,215.76,100
Super Store,37,2590,100
Mall Kiosk,3,48.75,100
Outlet,2,75.96,100
Outlet,3,585,100
Super Store,12,1188,100
Super Store,7,107.31,100
Outlet,2,24,100
Mall Kiosk,4,3.16,100
Outlet,5,779.4,100
Local,2,102,100
Super Store,6,420,100
Mall Kiosk,15,224.25,100
Local,3,1295.82,100
Mall Kiosk,6,420,100
Local,3,154.44,100
Mall Kiosk,7,98,100
Local,17,7650,100
Local,12,360,100
Mall Kiosk,3,719.76,100
Outlet,24,1799.28,100
Local,145,10870.65,100
Super Store,2,320,100
Outlet,5,33.8,100
Super Store,43,516,100
Outlet,19,665,100
Local,218,601.68,100
Super Store,5,1000,100
Local,11,8712,100
Super Store,10,1600,100
Local,60,514.8,100
Outlet,10,131.6,100
Super Store,2,30.42,100
Local,3,758.67,100
Local,3,766.29,100
Outlet,2,35.82,100
Super Store,5,27,100
Mall Kiosk,5,85,100
Outlet,11,1320,100
Mall Kiosk,3,431.94,100
Super Store,133,10640,100
Mall Kiosk,50,598,100
Local,7,2519.16,100
Outlet,9,503.64,100
Local,6,1091.22,100
Mall Kiosk,60,1200,100
Local,3,63.75,100
Mall Kiosk,4,419.72,100
Outlet,6,35.76,100
Local,67,401.33,100
Outlet,2,223.92,100
Super Store,4,29.8,100
Super Store,5,24,100
Super Store,8,2160,100
Local,3,1440,100
Super Store,2,207.74,100
Local,9,106.47,100
Local,185,382.95,100
Local,3,1499.7,100
Outlet,10,30,100
Local,2,2160,100
Local,2,701.74,100
Super Store,6,1199.7,100
Local,27,6477.84,100
Local,23,640.78,100
Mall Kiosk,17,102,100
Super Store,9,2025,100
Local,9,899.82,100
Mall Kiosk,30,449.7,100
Mall Kiosk,20,2800,100
Super Store,17,952,100
Local,665,33250,100
Outlet,4,6.32,100
Local,6,647.46,100
Mall Kiosk,2,25.8,100
Mall Kiosk,4,944,100
Super Store,2,105.98,100
Super Store,2,16.68,100
Mall Kiosk,12,323.64,100
Local,16,719.84,100
Super Store,9,378,100
Mall Kiosk,2,1260,100
Outlet,4,65,100
Super Store,4,19.16,100
Mall Kiosk,3,300,100
Super Store,2,69.72,100
Super Store,4,816,100
Mall Kiosk,105,4200,100
Super Store,14,195.44,100
Super Store,9,9,100
Super Store,17,188.19,100
Local,12,2400,100
Local,6,99,100
Local,26,147.42,100
Local,2,442,100
Local,28,1260,100
Local,24,1295.52,100
Mall Kiosk,6,26.82,100
Local,111,4991.67,100
Outlet,5,999.6,100
Local,3,546,100
Outlet,2,484,100
Mall Kiosk,41,1230,100
Outlet,4,13.2,100
Outlet,17,1938,100
Super Store,4,223.92,100
Outlet,6,40.68,100
Outlet,12,719.76,100
Outlet,90,6750,100
Mall Kiosk,2,34.86,100
Mall Kiosk,3,94.29,100
Mall Kiosk,2,27.9,100
Local,17,164.22,100
Local,8,751.68,100
Super Store,7,1050,100
Local,146,959.22,100
Local,4,181.48,100
Super Store,4,1680,100
Outlet,35,4200,100
Outlet,15,1575,100
Super Store,16,576,100
Outlet,10,149.9,100
Local,3,464.85,100
Super Store,49,343,100
Outlet,62,4960,100
Local,3,242.73,100
Local,58,2782.26,100
Outlet,4,339.8,100
Super Store,225,225,100
Outlet,2,38.94,100
Mall Kiosk,3,210,100
Mall Kiosk,3,18.96,100
Mall Kiosk,2,4.8,100
Super Store,9,50.22,100
Mall Kiosk,15,1200,100
Outlet,31,4185,100
Super Store,4,635.88,100
Local,10,2998.8,100
Outlet,20,2100,100
Super Store,2,17,100
Outlet,6,30.42,100
Super Store,15,1800,100
Local,21,4617.69,100
Mall Kiosk,3,84,100
Super Store,13,663,100
Local,59,9440,100
Outlet,2,4,100
Mall Kiosk,14,76.86,100
Mall Kiosk,2,8.34,100
Super Store,52,364,100
Super Store,42,3024,100
Outlet,2,307.78,100
Local,80,2639.2,100
Local,6,2304,100
Web Portal,2,25,100
Outlet,20,320,100
Outlet,4,520,100
Super Store,4,79.92,100
Local,31,296.98,100
Mall Kiosk,2,419.7,100
Super Store,7,122.01,100
Local,228,10260,100
Local,20,150,100
Local,5,839.7,100
Outlet,10,159.9,100
Mall Kiosk,16,671.52,100
Outlet,27,432,100
Local,12,4200,100
Super Store,12,431.52,100
Super Store,4,22.24,100
Super Store,2,288,100
Outlet,2,91,100
Mall Kiosk,6,720,100
Super Store,23,89.01,100
Super Store,10,1500,100
Mall Kiosk,2,143.76,100
Local,4,13.72,100
Super Store,23,344.77,100
Outlet,13,312,100
Outlet,2,33.54,100
Super Store,22,770,100
Outlet,3,524.85,100
Super Store,64,192,100
Local,146,2628,100
Local,1260,32734.8,100
Mall Kiosk,5,70.35,100
Local,6,1530,100
Super Store,12,191.88,100
Mall Kiosk,2,1680,100
Super Store,296,15380.16,100
Mall Kiosk,2,44.9,100
Mall Kiosk,6,7.02,100
Local,5,141.75,100
Super Store,2,155.74,100
Local,4,171.6,100
Super Store,7,980,100
Mall Kiosk,2,251.72,100
Outlet,10,1199.7,100
Local,106,9540,100
Local,111,2220,100
Super Store,8,815.52,100
Outlet,6,455.76,100
Local,2,699.8,100
Local,315,9450,100
Local,32,1760,100
Local,19,255.55,100
Outlet,7,22.75,100
Super Store,6,263.76,100
Local,7,2275,100
Outlet,5,1980,100
Mall Kiosk,2,840,100
Super Store,47,141,100
Local,24,1342.08,100
Outlet,3,168,100
Mall Kiosk,4,1320,100
Local,11,4620,100
Mall Kiosk,201,5221.98,100
Super Store,8,384,100
Super Store,99,1980,100
Mall Kiosk,2,17.88,100
Local,619,9285,100
Outlet,3,105,100
Local,110,97.9,100
Mall Kiosk,17,21.93,100
Super Store,4,60.48,100
Super Store,17,1359.66,100
Outlet,10,139.8,100
Outlet,53,424,100
Local,902,1804,100
Local,2,532.8,100
Outlet,30,2700,100
Super Store,13,132.21,100
Mall Kiosk,49,735,100
Super Store,2,145.96,100
Mall Kiosk,13,195,100
Outlet,8,640,100
Mall Kiosk,3,275.88,100
Local,68,425,100
Outlet,32,95.68,100
Local,3,924,100
Local,3,1323,100
Local,44,2464,100
Super Store,2,1500,100
Local,5,195.3,100
Mall Kiosk,6,1950,100
Super Store,18,575.64,100
Local,27,148.5,100
Mall Kiosk,4,160,100
Super Store,7,182,100
Local,8,3952,100
Local,6,2280,100
Super Store,9,315,100
Local,33,4851,100
Mall Kiosk,4,61.32,100
Mall Kiosk,13,182,100
Local,15,1500,100
Local,23,36.34,100
Outlet,10,1169.1,100
Local,8,1006.88,100
Local,154,16170,100
Local,12,3024,100
Local,10,55.3,100
Mall Kiosk,3,3240,100
Super Store,8,2240,100
Mall Kiosk,3,34.02,100
Outlet,9,215.28,100
Outlet,4,110,100
Outlet,32,384,100
Super Store,20,1280,100
Outlet,2,249.9,100
Mall Kiosk,6,1679.52,100
Mall Kiosk,2,51,100
Local,23,11.5,100
Super Store,7,686,100
Super Store,8,383.04,100
Mall Kiosk,3,188.79,100
Local,2,1151.84,100
Local,10,2940,100
Outlet,5,280,100
Super Store,153,2295,100
Local,16,4478.72,100
Mall Kiosk,4,176,100
Outlet,3,131.76,100
Mall Kiosk,29,696,100
Outlet,13,126.75,100
Local,5,246.75,100
Super Store,3,67.41,100
Super Store,2,66.98,100
Mall Kiosk,14,392,100
Local,58,404.84,100
Super Store,2,64.56,100
Outlet,6,1385.58,100
Mall Kiosk,6,66.42,100
Local,2,336,100
Super Store,4,335.52,100
Super Store,18,39.42,100
Local,2,1200,100
Mall Kiosk,5,269.7,100
Super Store,10,2200,100
Outlet,6,59.22,100
Local,7,965.58,100
Outlet,6,1260,100
Local,2,80.82,100
Mall Kiosk,3,80.82,100
Outlet,2,42,100
Local,31,1240,100
Local,4,1008,100
Mall Kiosk,4,70,100
Local,57,198.93,100
Local,8,99.68,100
Outlet,2,191.94,100
Mall Kiosk,9,3564,100
Local,5,195,100
Outlet,44,1320,100
Local,4,2880,100
Super Store,2,103.84,100
Outlet,38,142.5,100
Local,24,2496,100
Mall Kiosk,83,166,100
Mall Kiosk,20,1499.4,100
Mall Kiosk,7,39.06,100
Local,15,281.4,100
Super Store,7,159.25,100
Mall Kiosk,4,162.36,100
Outlet,2,719.82,100
Local,15,735,100
Local,20,19.6,100
Mall Kiosk,3,24.75,100
Local,2,799.8,100
Super Store,2,447.84,100
Local,8,719.6,100
Outlet,8,143.92,100
Local,8,54.4,100
Mall Kiosk,5,149.25,100
Outlet,6,51,100
Outlet,6,1560,100
Super Store,47,939.53,100
Super Store,41,246,100
Super Store,4,768,100
Local,77,1381.38,100
Super Store,4,41.72,100
Super Store,2,1680,100
Local,2,279.9,100
Mall Kiosk,3,539.88,100
Mall Kiosk,2,2.4,100
Outlet,5,1200,100
Outlet,18,2880,100
Local,78,14185.08,100
Local,16,4157.92,100
Mall Kiosk,9,108,100
Outlet,3,47.94,100
Super Store,6,112.98,100
Local,3,25.02,100
Super Store,2,175.78,100
Mall Kiosk,19,1139.24,100
Local,96,956.16,100
Mall Kiosk,7,14,100
Local,60,780,100
Outlet,10,99.5,100
Local,23,1840,100
Super Store,7,1960,100
Local,2,299.7,100
Local,142,17040,100
Outlet,2,3.4,100
Mall Kiosk,2,1078,100
Mall Kiosk,51,612,100
Super Store,5,23.45,100
Outlet,4,2160,100
Outlet,40,600,100
Super Store,3,36,100
Local,20,3499,100
Mall Kiosk,2,18,100
Mall Kiosk,2,444.6,100
Local,101,3232,100
Super Store,4,6.8,100
Super Store,27,201.69,100
Local,131,786,100
Outlet,4,17.16,100
Super Store,4,1960,100
Super Store,2,1119.72,100
Mall Kiosk,6,719.64,100
Local,10,719.4,100
Mall Kiosk,85,340,100
Super Store,18,162,100
Outlet,2,840,100
Super Store,19,5643,100
Local,175,21875,100
Local,51,168.3,100
Local,20,780,100
Super Store,11,164.45,100
Outlet,25,2598,100
Super Store,6,180,100
Local,97,258.99,100
Outlet,4,47.92,100
Outlet,13,136.5,100
Local,3,175.11,100
Outlet,2,480,100
Super Store,3,11.76,100
Mall Kiosk,13,126.75,100
Super Store,9,292.5,100
Super Store,5,999.5,100
Local,70,8183.7,100
Mall Kiosk,8,511.68,100
Mall Kiosk,5,87.5,100
Super Store,12,39.6,100
Super Store,4,140,100
Outlet,3,22.68,100
Local,13,85.8,100
Local,13,1183,100
Super Store,46,367.08,100
Local,34,1904,100
Mall Kiosk,2,480,100
Local,4,233.64,100
Local,17,559.98,100
Outlet,4,21,100
Local,10,6400,100
Super Store,2,784,100
Super Store,6,86.22,100
Mall Kiosk,70,560,100
Mall Kiosk,12,2700,100
Super Store,324,4208.76,100
Mall Kiosk,11,263.12,100
Local,5,700,100
Local,33,140.25,100
Outlet,4,29.96,100
Local,6,1079.28,100
Super Store,17,255,100
Local,16,240,100
Outlet,2,111.72,100
Mall Kiosk,19,1140,100
Mall Kiosk,13,884,100
Outlet,15,900,100
Local,2,239.7,100
Super Store,14,119,100
Outlet,6,41.88,100
Local,132,13860,100
Super Store,3,300,100
Local,373,4476,100
Mall Kiosk,6,40.68,100
Super Store,4,959.76,100
Local,14,504,100
Mall Kiosk,28,4480,100
Super Store,9,1485,100
Outlet,99,2475,100
Local,4,171.08,100
Outlet,2,70,100
Local,3,701.61,100
Super Store,2,88.14,100
Mall Kiosk,11,198,100
Local,52,16380,100
Mall Kiosk,2,53.8,100
Super Store,3,16.5,100
Local,72,774.72,100
Local,56,502.88,100
Outlet,44,55,100
Local,8,1439.84,100
Local,7,2401,100
Mall Kiosk,18,1890,100
Super Store,81,405,100
Mall Kiosk,2,171.96,100
Super Store,2,359.7,100
Local,339,10848,100
Mall Kiosk,2,120,100
Mall Kiosk,3,791.76,100
Local,43,6450,100
Mall Kiosk,2,11.06,100
Mall Kiosk,2,468,100
Mall Kiosk,55,275,100
Super Store,5,1500,100
Local,10,3000,100
Local,102,3058.98,100
Local,78,5460,100
Local,7,3780,100
Outlet,40,960,100
Super Store,6,503.58,100
Local,118,3537.64,100
Local,2,1049.7,100
Super Store,8,45.36,100
Local,17,14.45,100
Local,2,77.22,100
Local,47,705,100
Mall Kiosk,2,719.92,100
Local,34,1904,100
Super Store,4,223.44,100
Local,145,4640,100
Local,74,199.06,100
Local,4,2880,100
Mall Kiosk,3,64.56,100
Mall Kiosk,4,134.12,100
Local,13,2574,100
Local,34,204,100
Outlet,3,150,100
Super Store,4,575.92,100
Super Store,4,640,100
Local,255,2029.8,100
Outlet,7,91.98,100
Super Store,115,460,100
Local,43,11180,100
Local,16,18.4,100
Local,3,20.58,100
Local,5,122.15,100
Mall Kiosk,11,373.78,100
Super Store,16,160,100
Local,49,6615,100
Outlet,3,146.79,100
Outlet,4,131.96,100
Outlet,2,480,100
Mall Kiosk,7,72.45,100
Outlet,2,267.92,100
Super Store,9,61.02,100
Local,13,1871.74,100
Mall Kiosk,2,650,100
Local,16,43.2,100
Local,2,72.54,100
Super Store,18,2160,100
Outlet,44,3429.36,100
Outlet,5,239.8,100
Super Store,6,24,100
Local,73,3939.81,100
Mall Kiosk,3,73.5,100
Local,37,125.06,100
Local,2,615.72,100
Mall Kiosk,5,1000,100
Outlet,10,14.9,100
Super Store,2,219.9,100
Mall Kiosk,10,62.5,100
Local,28,4368,100
Mall Kiosk,5,1950,100
Local,46,1655.08,100
Super Store,3,54,100
Super Store,2,500,100
Mall Kiosk,14,293.02,100
Outlet,2,62.86,100
Outlet,4,25.8,100
Mall Kiosk,5,11.25,100
Mall Kiosk,21,63,100
Local,9,1980,100
Mall Kiosk,4,168,100
Outlet,6,1080,100
Local,3,352.35,100
Outlet,62,310,100
Local,2,16.2,100
Local,20,3599.2,100
Local,12,128.16,100
Local,13,70.2,100
Mall Kiosk,31,2478.76,100
Local,77,330.33,100
Local,15,268.65,100
Super Store,5,214.95,100
Outlet,16,288,100
Mall Kiosk,4,1400,100
Mall Kiosk,2,4.4,100
Outlet,5,60,100
Super Store,2,519.74,100
Mall Kiosk,5,32.25,100
Super Store,129,258,100
Local,11,1204.17,100
Outlet,2,39,100
Super Store,2,22.24,100
Local,15,585,100
Local,42,11550,100
Local,146,17520,100
Mall Kiosk,6,1260,100
Outlet,7,1225,100
Local,61,457.5,100
Local,16,3199.2,100
Outlet,26,364,100
Local,18,4750.56,100
Outlet,75,4500,100
Outlet,8,1439.52,100
Super Store,169,7605,100
Local,3,1286.61,100
Super Store,14,4550,100
Local,4,643.72,100
Local,7,244.02,100
Outlet,5,2025,100
Local,7,28,100
Outlet,6,26.4,100
Super Store,5,1319.6,100
Outlet,16,1120,100
Mall Kiosk,2,828,100
Local,3,503.58,100
Super Store,12,672,100
Local,2,104.86,100
Mall Kiosk,3,540,100
Outlet,23,4025,100
Local,86,221.88,100
Local,125,622.5,100
Super Store,20,478.4,100
Local,2,303.84,100
Super Store,8,839.44,100
Mall Kiosk,24,2400,100
Local,184,7356.32,100
Mall Kiosk,4,118.08,100
Outlet,3,269.82,100
Mall Kiosk,6,809.82,100
Local,18,116.1,100
Local,16,54.4,100
Outlet,38,456,100
Super Store,13,3900,100
Super Store,13,1364.61,100
Local,2,573.86,100
Local,13,389.48,100
Mall Kiosk,2,2970,100
Local,72,7557.84,100
Outlet,6,179.94,100
Local,15,1057.05,100
Local,79,583.02,100
Local,3,36.45,100
Super Store,11,4356,100
Local,11,462,100
Super Store,5,679.6,100
Local,14,105,100
Outlet,7,31.43,100
Outlet,3,99,100
Super Store,22,96.36,100
Mall Kiosk,2,34.8,100
Outlet,2,439.78,100
Outlet,2,140.94,100
Local,22,2705.34,100
Mall Kiosk,6,31.5,100
Local,51,1785,100
Local,194,133.86,100
Local,6,67.5,100
Mall Kiosk,10,34.9,100
Mall Kiosk,24,52.56,100
Super Store,2,99.9,100
Outlet,5,18.45,100
Local,11,5720,100
Mall Kiosk,13,519.87,100
Outlet,3,828,100
Outlet,17,866.49,100
Outlet,2,720,100
Super Store,34,544,100
Mall Kiosk,4,107.96,100
Local,37,486.18,100
Super Store,2,30,100
Local,3,273,100
Mall Kiosk,7,69.65,100
Local,11,6160,100
Outlet,6,960,100
Outlet,3,1755,100
Mall Kiosk,52,1872,100
Super Store,8,176,100
Local,507,2028,100
Local,6,1440,100
Mall Kiosk,9,115.83,100
Super Store,12,2160,100
Super Store,2,269.82,100
Mall Kiosk,3,66.69,100
Mall Kiosk,4,335.88,100
Super Store,9,58.41,100
Local,7,335.58,100
Local,2,2700,100
Local,28,2574.88,100
Local,8,19.6,100
Local,55,1758.9,100
Super Store,2,95.88,100
Outlet,2,54,100
Outlet,3,720,100
Outlet,2,2160,100
Outlet,15,77.4,100
Local,4,479.6,100
Mall Kiosk,17,340,100
Super Store,8,1920,100
Super Store,5,599.6,100
Local,3,689.7,100
Super Store,7,784,100
Mall Kiosk,22,440,100
Outlet,12,90,100
Mall Kiosk,17,111.86,100
Mall Kiosk,2,791.76,100
Super Store,136,5440,100
Local,3,8.19,100
Super Store,23,20.47,100
Outlet,4,34.32,100
Mall Kiosk,3,810,100
Mall Kiosk,124,12400,100
Super Store,8,224,100
Super Store,37,1295,100
Super Store,3,15.3,100
Local,3,827.64,100
Local,324,1937.52,100
Local,12,2399.52,100
Super Store,16,334.88,100
Local,2,306,100
Super Store,5,295,100
Super Store,3,58.05,100
Super Store,4,320,100
Super Store,4,1.96,100
Local,2,67.8,100
Super Store,2,98.78,100
Local,14,104.86,100
Mall Kiosk,4,47.96,100
Local,20,5400,100
Local,19,156.75,100
Mall Kiosk,54,864,100
Mall Kiosk,4,1200,100
Outlet,2,220,100
Local,18,4860,100
Local,2,17.38,100
Local,24,442.8,100
Local,29,1450,100
Local,120,540,100
Local,77,1384.46,100
Super Store,2,130,100
Outlet,7,1008,100
Local,12,1967.52,100
Mall Kiosk,3,2376,100
Local,64,2301.44,100
Local,13,4158.96,100
Super Store,11,20.79,100
Outlet,4,95.88,100
Outlet,2,980,100
Mall Kiosk,6,1440,100
Mall Kiosk,93,1860,100
Local,17,364.65,100
Super Store,2,143.98,100
Local,4,14,100
Local,4,5940,100
Mall Kiosk,19,854.43,100
Mall Kiosk,2,12,100
Local,2,383.88,100
Mall Kiosk,2,431.94,100
Super Store,19,380,100
Outlet,5,1050,100
Outlet,11,14.19,100
Outlet,5,240,100
Local,9,3562.92,100
Local,52,1037.4,100
Local,24,3168,100
Outlet,11,307.78,100
Local,55,9900,100
Mall Kiosk,9,1485,100
Local,894,2682,100
Outlet,6,756,100
Local,59,14160,100
Super Store,46,63.48,100
Mall Kiosk,4,355.68,100
Super Store,81,810,100
Local,31,527,100
Mall Kiosk,2,27.5,100
Local,8,9.6,100
Super Store,4,1920,100
Outlet,4,60,100
Mall Kiosk,3,29.25,100
Super Store,3,584.61,100
Super Store,3,531,100
Super Store,2,27,100
Local,20,375,100
Mall Kiosk,25,3500,100
Mall Kiosk,3,80.73,100
Local,175,262.5,100
Outlet,2,780,100
Super Store,5,3.95,100
Local,2,840,100
Local,2,49.8,100
Super Store,103,3708,100
Local,221,3094,100
Super Store,6,180,100
Super Store,6,9.36,100
Outlet,6,990,100
Local,32,7296,100
Mall Kiosk,2,489.86,100
Outlet,2,37.5,100
Super Store,7,1764,100
Super Store,8,1280,100
Local,3,78.3,100
Outlet,36,3273.48,100
Outlet,3,126,100
Outlet,2,8.7,100
Local,16,3838.08,100
Super Store,21,225.96,100
Mall Kiosk,33,3298.68,100
Outlet,3,66,100
Local,30,94.8,100
Local,8,784,100
Local,5,919.6,100
Outlet,9,2673,100
Super Store,2,2376,100
Local,507,8112,100
Outlet,25,175,100
Super Store,3,408,100
Super Store,21,377.58,100
Local,97,500.52,100
Local,3,351,100
Local,50,12000,100
Local,12,1728,100
Local,35,7875,100
Mall Kiosk,3,211.41,100
Mall Kiosk,2,68,100
Local,6,145.26,100
Local,2,803.76,100
Outlet,2,76.64,100
Super Store,6,323.88,100
Local,9,290.52,100
Local,5,949.5,100
Local,194,1552,100
Mall Kiosk,33,165,100
Local,98,174.44,100
Local,34,6800,100
Local,36,575.64,100
Super Store,8,360,100
Outlet,52,416,100
Local,7,156.87,100
Local,42,4995.06,100
Super Store,2,469.8,100
Local,3,2970,100
Local,49,292.04,100
Local,53,1906.41,100
Outlet,2,127.84,100
Local,62,24552,100
Super Store,23,1172.31,100
Local,2,76.5,100
Outlet,7,105,100
Outlet,9,242.73,100
Local,17,24.99,100
Local,14,2967.44,100
Outlet,2,95.94,100
Mall Kiosk,2,351.78,100
Local,2,1004.7,100
Super Store,4,1187.64,100
Super Store,3,59.7,100
Mall Kiosk,12,168,100
Mall Kiosk,5,110,100
Local,3,378,100
Super Store,13,128.31,100
Mall Kiosk,7,294,100
Local,21,3150,100
Local,5,321.75,100
Local,54,4320,100
Local,3,1649.67,100
Super Store,8,1119.44,100
Super Store,2,1760,100
Local,13,1169.74,100
Local,547,2735,100
Mall Kiosk,4,13.8,100
Mall Kiosk,3,67.41,100
Local,274,1635.78,100
Outlet,10,500,100
Outlet,8,1800,100
Local,11,1980,100
Mall Kiosk,3,135,100
Local,7,1889.79,100
Local,46,4600,100
Mall Kiosk,36,1439.28,100
Local,18,1005.48,100
Local,23,402.5,100
Super Store,9,2430,100
Local,122,2440,100
Outlet,20,3600,100
Local,73,2555,100
Mall Kiosk,4,512,100
Local,2,602.82,100
Local,107,1605,100
Outlet,20,419.4,100
Local,15,4950,100
Local,10,2748.9,100
Mall Kiosk,3,912,100
Mall Kiosk,12,129.12,100
Super Store,3,692.79,100
Mall Kiosk,8,33.12,100
Super Store,211,633,100
Super Store,10,2450,100
Local,4,2640,100
Mall Kiosk,4,7.84,100
Super Store,26,91,100
Local,11,1309,100
Outlet,8,703.68,100
Outlet,2,279.86,100
Local,3,20.85,100
Local,31,1488,100
Local,8,50.56,100
Super Store,71,7378.32,100
Local,4,899.8,100
Local,6,863.46,100
Local,125,3000,100
Super Store,5,1040,100
Local,585,35100,100
Super Store,14,46.06,100
Local,9,117,100
Outlet,2,140,100
Super Store,6,1500,100
Super Store,2,78,100
Mall Kiosk,6,19.8,100
Local,75,7200,100
Super Store,10,1199.4,100
Local,3,39.6,100
Outlet,2,20.34,100
Local,23,678.96,100
Mall Kiosk,2,396,100
Local,16,991.68,100
Super Store,76,6910.68,100
Local,5,227.5,100
Outlet,3,135,100
Local,226,2705.22,100
Super Store,122,305,100
Local,95,2656.2,100
Local,25,650,100
Mall Kiosk,3,269.82,100
Local,7,629.93,100
Super Store,10,2250,100
Super Store,93,1112.28,100
Outlet,2,78,100
Mall Kiosk,7,94.29,100
Super Store,21,94.5,100
Local,44,13200,100
Super Store,30,149.4,100
Outlet,2,223.84,100
Mall Kiosk,6,210,100
Local,7,94.64,100
Outlet,9,126,100
Super Store,3,1200,100
Mall Kiosk,3,336,100
Super Store,5,1140,100
Outlet,6,107.88,100
Mall Kiosk,2,1170,100
Local,4,3200,100
Mall Kiosk,20,2857.8,100
Mall Kiosk,4,495.84,100
Local,339,10170,100
Mall Kiosk,3,31.5,100
Super Store,2,47.76,100
Local,10,298.8,100
Mall Kiosk,2,15,100
Local,3,1049.79,100
Outlet,3,12.75,100
Mall Kiosk,6,780,100
Local,32,960,100
Local,2,1932,100
Local,16,447.84,100
Mall Kiosk,3,5.07,100
Mall Kiosk,2,59.92,100
Local,46,4968,100
Super Store,18,1781.46,100
Local,4,1799.8,100
Mall Kiosk,2,213.12,100
Local,3,91.53,100
Mall Kiosk,2,33.54,100
Mall Kiosk,3,281.88,100
Mall Kiosk,7,2100,100
Mall Kiosk,3,146.25,100
Mall Kiosk,5,112.5,100
Super Store,3,58.5,100
Super Store,6,1439.52,100
Super Store,6,227.88,100
Local,391,3910,100
Mall Kiosk,8,26.32,100
Outlet,2,1.7,100
Local,6,503.16,100
Super Store,14,48.86,100
Mall Kiosk,10,1260,100
Mall Kiosk,7,35.49,100
Local,18,387.36,100
Local,3,76.05,100
Mall Kiosk,11,263.78,100
Outlet,13,143.91,100
Local,3,2310,100
Super Store,6,660,100
Super Store,3,7.65,100
Mall Kiosk,6,360,100
Local,14,4197.9,100
Local,4,3360,100
Outlet,7,1050,100
Super Store,13,1248,100
Super Store,3,149.97,100
Mall Kiosk,2,60.9,100
Local,4,77,100
Super Store,6,864,100
Mall Kiosk,40,3600,100
Mall Kiosk,7,125.58,100
Super Store,111,832.5,100
Super Store,7,7560,100
Mall Kiosk,4,119.8,100
Outlet,3,524.79,100
Outlet,2,26,100
Mall Kiosk,2,13.5,100
Local,6,659.4,100
Local,34,935,100
Super Store,10,210,100
Local,58,3248,100
Local,16,2208,100
Local,7,263.62,100
Local,28,429.24,100
Local,3,84.42,100
Local,4,119,100
Local,132,578.16,100
Outlet,6,125.58,100
Mall Kiosk,2,18.76,100
Local,4,98.28,100
Mall Kiosk,4,33.48,100
Outlet,13,233.22,100
Outlet,3,660,100
Local,58,6960,100
Local,9,282.87,100
Super Store,3,2025,100
Super Store,2,23.66,100
Outlet,4,1500,100
Mall Kiosk,38,836,100
Mall Kiosk,8,2128,100
Local,8,3.12,100
Local,8,1999.2,100
Outlet,3,570,100
Mall Kiosk,3,288,100
Local,2,571.74,100
Local,104,2912,100
Mall Kiosk,4,287.68,100
Outlet,11,82.17,100
Super Store,2,14.98,100
Local,10,660,100
Local,18,1764,100
Local,4,83.16,100
Mall Kiosk,142,284,100
Super Store,73,1752,100
Local,55,6600,100
Super Store,2,363.74,100
Outlet,67,804,100
Super Store,32,2432,100
Local,9,6075,100
Super Store,3,37.5,100
Mall Kiosk,12,252,100
Local,529,1322.5,100
Local,19,212.04,100
Local,3,1680,100
Super Store,12,2400,100
Outlet,11,2200,100
Local,32,768,100
Mall Kiosk,4,1800,100
Local,25,1424.25,100
Mall Kiosk,42,2772,100
Local,5,1770,100
Mall Kiosk,3,147,100
Outlet,6,1800,100
Outlet,2,68,100
Local,11,244.53,100
Local,13,1065.74,100
Outlet,2,59.76,100
Local,150,1800,100
Mall Kiosk,2,700,100
Super Store,3,117,100
Mall Kiosk,4,75.96,100
Mall Kiosk,2,575.92,100
Super Store,3,368.91,100
Local,12,635.88,100
Local,12,126,100
Local,28,643.72,100
Mall Kiosk,8,431.76,100
Local,17,6885,100
Mall Kiosk,14,2239.44,100
Outlet,3,810,100
Local,24,1055.04,100
Outlet,7,210,100
Mall Kiosk,7,1960,100
Local,161,483,100
Local,8,671.44,100
Local,3,3600,100
Mall Kiosk,2,199.96,100
Local,15,7200,100
Outlet,2,449.7,100
Mall Kiosk,4,448,100
Local,68,1428,100
Super Store,30,450,100
Local,91,5458.18,100
Mall Kiosk,4,220,100
Mall Kiosk,4,227.88,100
Local,36,2160,100
Mall Kiosk,99,7920,100
Mall Kiosk,14,1680,100
Outlet,3,1485,100
Local,33,2376,100
Super Store,2,110.7,100
Mall Kiosk,11,2200,100
Outlet,3,450,100
Mall Kiosk,10,500,100
Outlet,8,559.84,100
Super Store,11,890.67,100
Outlet,9,459,100
Super Store,3,674.73,100
Super Store,132,660,100
Mall Kiosk,3,10.8,100
Super Store,12,26.4,100
Outlet,2,432,100
Local,9,1376.19,100
Super Store,11,758.67,100
Local,4,87,100
Outlet,6,72,100
Mall Kiosk,13,208,100
Local,563,2252,100
Super Store,2,36.9,100
Outlet,87,8700,100
Super Store,56,336,100
Local,39,6435,100
Super Store,14,167.86,100
Local,6,648,100
Mall Kiosk,3,486,100
Local,25,1873.75,100
Super Store,6,390,100
Super Store,3,114.96,100
Local,28,418.32,100
Mall Kiosk,4,236,100
Mall Kiosk,16,1583.52,100
Super Store,8,223.44,100
Outlet,18,1368,100
Super Store,167,16700,100
Local,4,59.4,100
Outlet,2,22.68,100
Outlet,9,1439.64,100
Outlet,4,335.76,100
Local,2,43.94,100
Local,34,433.5,100
Mall Kiosk,3,545.61,100
Super Store,4,1980,100
Local,2,1499.7,100
Mall Kiosk,4,480,100
Local,12,1176,100
Mall Kiosk,2,47.76,100
Super Store,18,900,100
Local,9,1214.73,100
Super Store,3,19.8,100
Super Store,61,2684,100
Local,2,207.74,100
Mall Kiosk,10,1599.2,100
Local,11,3300,100
Super Store,4,54,100
Local,15,6825,100
Local,151,26425,100
Mall Kiosk,10,300,100
Local,2,21.6,100
Mall Kiosk,13,221,100
Super Store,2,327.92,100
Local,7,229.81,100
Outlet,3,1088.67,100
Super Store,17,1987.47,100
Mall Kiosk,4,85.8,100
Local,6,1004.7,100
Local,2,110.5,100
Outlet,6,180,100
Mall Kiosk,6,672,100
Outlet,2,770,100
Local,18,753.48,100
Super Store,8,960,100
Outlet,5,175,100
Local,2,12.74,100
Local,10,4000,100
Super Store,2,799.2,100
Super Store,3,2.34,100
Local,12,3312,100
Local,30,14.7,100
Local,4,162.36,100
Super Store,6,66,100
Super Store,7,336,100
Super Store,154,7700,100
Mall Kiosk,6,864,100
Local,6,800.28,100
Mall Kiosk,3,539.82,100
Super Store,2,138,100
Local,125,4750,100
Local,14,6160,100
Super Store,40,6000,100
Local,48,6336,100
Super Store,6,205.92,100
Local,3,30.6,100
Super Store,12,2880,100
Local,125,9500,100
Mall Kiosk,3,59.22,100
Outlet,11,148.17,100
Local,3,54,100
Local,16,1790.88,100
Super Store,2,659.78,100
Local,5,329.4,100
Super Store,2,62.86,100
Outlet,4,4,100
Super Store,20,1199.2,100
Local,5,389.35,100
Local,4,37.8,100
Outlet,9,1519.83,100
Local,10,2548.5,100
Mall Kiosk,8,130,100
Mall Kiosk,3,225,100
Super Store,11,66,100
Local,97,6984,100
Mall Kiosk,2,22.5,100
Local,63,4032,100
Mall Kiosk,2,112,100
Local,9,41.4,100
Super Store,13,623.48,100
Mall Kiosk,17,203.66,100
Mall Kiosk,9,306,100
Super Store,17,816,100
Super Store,2,364,100
Super Store,7,32.2,100
Super Store,2,896,100
Outlet,10,659.8,100
Outlet,56,896,100
Outlet,52,1248,100
Mall Kiosk,2,660,100
Mall Kiosk,6,198,100
Mall Kiosk,3,396,100
Super Store,70,417.9,100
Local,5,2090,100
Local,4,239.6,100
Local,8,1678.8,100
Super Store,4,308,100
Mall Kiosk,3,4.17,100
Local,14,368.48,100
Local,25,2800,100
Local,43,2924,100
Super Store,3,254.85,100
Local,3,11.7,100
Super Store,19,113.81,100
Outlet,3,1620,100
Outlet,5,1500,100
Local,6,4290,100
Super Store,2,599.76,100
Mall Kiosk,12,1152,100
Outlet,14,87.5,100
Outlet,2,215.88,100
Outlet,20,140,100
Local,36,1350,100
Super Store,17,2243.32,100
Local,4,379.8,100
Local,3,90.75,100
Local,4,39.6,100
Super Store,4,2128,100
Local,37,2072,100
Mall Kiosk,4,73.8,100
Local,5,101.25,100
Mall Kiosk,123,9225,100
Super Store,3,126,100
Local,6,1620,100
Local,57,733.59,100
Super Store,7,2520,100
Local,15,243.75,100
Local,48,18000,100
Local,2,95.8,100
Super Store,3,12.51,100
Local,13,6825,100
Super Store,6,251.64,100
Super Store,2,71.82,100
Mall Kiosk,3,239.76,100
Local,43,515.57,100
Local,10,27.8,100
Outlet,30,119.7,100
Outlet,2,15.4,100
Local,3,462,100
Local,38,202.92,100
Super Store,4,401.88,100
Outlet,2,540,100
Local,6,971.64,100
Mall Kiosk,2,53.28,100
Local,27,129.33,100
Mall Kiosk,74,296,100
Outlet,8,102.96,100
Mall Kiosk,20,140,100
Mall Kiosk,3,14.07,100
Super Store,7,1176,100
Mall Kiosk,3,476.91,100
Mall Kiosk,2,391.72,100
Super Store,2,23.22,100
Local,8,189.84,100
Outlet,2,22.32,100
Outlet,5,45,100
Local,47,656.12,100
Local,143,10725,100
Local,18,484.38,100
Local,74,1329.78,100
Local,68,442,100
Local,5,24.5,100
Local,322,1207.5,100
Local,3,1385.58,100
Outlet,3,52.29,100
Mall Kiosk,5,875,100
Local,16,480.48,100
Local,8,69.6,100
Local,47,194.58,100
Super Store,25,89,100
Super Store,9,337.5,100
Outlet,5,137.25,100
Local,118,1475,100
Mall Kiosk,2,55.84,100
Outlet,4,120,100
Local,5,162.25,100
Mall Kiosk,2,1620,100
Local,4,67.08,100
Super Store,4,363.48,100
Local,2,1652,100
Mall Kiosk,12,299.88,100
Local,345,1725,100
Local,20,1399,100
Outlet,28,168,100
Mall Kiosk,6,179.4,100
Local,71,7026.87,100
Local,210,3351.6,100
Super Store,2,0.78,100
Local,77,10002.3,100
Mall Kiosk,59,73.75,100
Super Store,13,181.09,100
Mall Kiosk,2,105,100
Outlet,7,1365,100
Mall Kiosk,6,71.64,100
Super Store,8,40.56,100
Local,3,2673,100
Super Store,4,17,100
Local,10,203.4,100
Local,8,480.48,100
Local,141,21432,100
Mall Kiosk,14,1260,100
Local,15,358.2,100
Super Store,7,1470,100
Mall Kiosk,151,151,100
Mall Kiosk,50,1600,100
Mall Kiosk,4,1080,100
Mall Kiosk,2,269.9,100
Local,36,1080,100
Mall Kiosk,2,131.94,100
Outlet,2,34,100
Super Store,12,155.76,100
Local,352,14080,100
Mall Kiosk,2,910,100
Super Store,3,560.67,100
Super Store,21,587.58,100
Outlet,16,399.84,100
Local,5,360,100
Local,3,3960,100
Mall Kiosk,36,324,100
Local,3,54,100
Mall Kiosk,3,98.67,100
Local,74,647.5,100
Outlet,4,30.96,100
Super Store,12,575.64,100
Local,3,70.98,100
Local,5,1319.4,100
Outlet,5,119.9,100
Local,118,4009.64,100
Super Store,4,38.32,100
Mall Kiosk,5,27.8,100
Super Store,10,48.3,100
Super Store,3,858,100
Local,34,4080,100
Outlet,4,1200,100
Super Store,8,136,100
Local,39,5457.27,100
Local,48,90.72,100
Super Store,18,66.42,100
Mall Kiosk,3,414,100
Local,48,105.6,100
Super Store,86,2580,100
Local,23,3448.85,100
Outlet,2,324,100
Local,7,1154.23,100
Outlet,12,150,100
Mall Kiosk,4,336,100
Local,34,8330,100
Super Store,4,2520,100
Super Store,10,1300,100
Mall Kiosk,2,1260,100
Super Store,23,1656,100
Super Store,8,607.68,100
Mall Kiosk,2,38.94,100
Local,4,540,100
Outlet,36,99.36,100
Super Store,58,120.06,100
Local,20,490,100
Outlet,3,1079.88,100
Super Store,9,1386,100
Local,4,615.72,100
Super Store,10,109.5,100
Local,86,332.82,100
Local,28,8400,100
Mall Kiosk,2,25.5,100
Local,3,585,100
Local,57,907.44,100
Local,42,2688,100
Local,78,10292.88,100
Super Store,65,259.35,100
Mall Kiosk,5,33.8,100
Mall Kiosk,7,2100,100
Outlet,9,59.22,100
Local,14,3360,100
Super Store,20,719.6,100
Outlet,3,89.88,100
Local,11,74.25,100
Outlet,64,256,100
Outlet,3,41.88,100
Mall Kiosk,139,556,100
Local,33,214.17,100
Mall Kiosk,60,150,100
Local,3,127.5,100
Local,3,527.67,100
Outlet,2,265.86,100
Local,8,156,100
Web Portal,2,30,100
Local,26,3533.92,100
Local,27,1049.49,100
Mall Kiosk,4,47.68,100
Outlet,8,223.44,100
Local,602,18060,100
Local,2,61.38,100
Outlet,2,68,100
Super Store,14,1344,100
Local,142,2556,100
Local,6,1805.58,100
Local,47,1880,100
Local,21,2518.32,100
Local,23,447.81,100
Super Store,2,125.82,100
Super Store,2,2700,100
Local,49,17150,100
Super Store,6,135,100
Local,10,629.3,100
Local,6,404.1,100
Outlet,4,24,100
Super Store,12,2700,100
Super Store,2,64.9,100
Local,5,749.5,100
Mall Kiosk,4,19.2,100
Super Store,3,524.85,100
Super Store,16,671.52,100
Super Store,4,260,100
Local,8,157.92,100
Outlet,4,47.76,100
Outlet,2,912,100
Local,23,1747.08,100
Local,10,43.5,100
Local,10,1439.2,100
Local,32,639.36,100
Local,4,251.44,100
Mall Kiosk,200,10392,100
Super Store,4,624,100
Local,5,1239.6,100
Super Store,3,953.82,100
Local,19,4484,100
Mall Kiosk,14,91,100
Local,5,4800,100
Local,4,221.4,100
Mall Kiosk,3,7.65,100
Outlet,4,119.6,100
Mall Kiosk,8,880,100
Super Store,4,1200,100
Mall Kiosk,14,126,100
Local,261,27123.12,100
Mall Kiosk,14,2100,100
Outlet,9,1584,100
Mall Kiosk,21,147,100
Local,21,149.52,100
Outlet,2,16.5,100
Super Store,12,2160,100
Local,5,329.7,100
Mall Kiosk,6,1782,100
Mall Kiosk,2,6.8,100
Outlet,4,475.72,100
Outlet,43,2580,100
Mall Kiosk,17,475.32,100
Local,623,28035,100
Super Store,2,745.92,100
Super Store,30,420,100
Mall Kiosk,2,196,100
Outlet,3,405,100
Mall Kiosk,60,2400,100
Outlet,2,51.48,100
Outlet,7,77,100
Local,9,1728,100
Mall Kiosk,2,85.54,100
Super Store,29,4408,100
Local,26,3328,100
Mall Kiosk,2,182,100
Outlet,32,80,100
Local,3,1079.73,100
Super Store,6,251.58,100
Mall Kiosk,21,126,100
Local,9,84.42,100
Mall Kiosk,3,122.97,100
Outlet,2,2.34,100
Mall Kiosk,3,4.05,100
Mall Kiosk,3,368.91,100
Outlet,3,80.73,100
Mall Kiosk,3,37.5,100
Mall Kiosk,3,11.25,100
Outlet,7,734.79,100
Super Store,5,280,100
Local,106,1696,100
Local,2,1820,100
Outlet,5,1520,100
Local,11,186.45,100
Local,4,2240,100
Super Store,3,3.6,100
Outlet,4,383.68,100
Local,23,1057.54,100
Super Store,5,134.7,100
Mall Kiosk,17,238,100
Super Store,48,2878.56,100
Outlet,2,11.12,100
Local,2,1583.78,100
Outlet,25,700,100
Outlet,9,864,100
Local,10,639.2,100
Super Store,3,1350,100
Local,18,8910,100
Super Store,10,3500,100
Mall Kiosk,2,161.94,100
Outlet,31,371.07,100
Local,19,3420,100
Local,2,15,100
Super Store,3,38.25,100
Outlet,2,126,100
Super Store,11,660,100
Local,12,2242.68,100
Super Store,8,130,100
Local,2,491.88,100
Local,24,3456,100
Local,337,4030.52,100
Mall Kiosk,6,335.52,100
Super Store,6,179.82,100
Local,6,1133.58,100
Super Store,64,5760,100
Local,9,1584,100
Mall Kiosk,9,125.37,100
Local,13,2496,100
Local,18,43.2,100
Outlet,4,19.32,100
Super Store,3,78.96,100
Super Store,3,40.05,100
Mall Kiosk,2,237.86,100
Outlet,14,34.86,100
Mall Kiosk,14,1959.44,100
Mall Kiosk,19,228,100
Local,5,1600,100
Local,3,1800,100
Mall Kiosk,19,61.75,100
Local,283,22057.02,100
Outlet,5,550,100
Mall Kiosk,28,1679.16,100
Super Store,3,401.88,100
Outlet,6,108,100
Local,78,1014,100
Local,24,2158.56,100
Mall Kiosk,46,322,100
Super Store,27,377.46,100
Outlet,2,468,100
Local,11,1122,100
Local,63,1071,100
Local,6,360,100
Local,2,30.42,100
Outlet,3,384,100
Super Store,2,13.5,100
Local,9,422.82,100
Local,34,1020,100
Mall Kiosk,4,1760,100
Mall Kiosk,19,141.93,100
Super Store,7,192.5,100
Outlet,70,280,100
Super Store,2,88.56,100
Outlet,2,224,100
Super Store,11,330,100
Mall Kiosk,3,39.42,100
Super Store,2,46.06,100
Local,75,11250,100
Super Store,17,45.73,100
Super Store,5,165,100
Mall Kiosk,9,53.64,100
Super Store,72,430.56,100
Super Store,4,335.76,100
Local,147,5145,100
Local,37,1628,100
Outlet,2,13.5,100
Mall Kiosk,64,240,100
Local,62,5952,100
Super Store,35,2378.6,100
Super Store,6,179.4,100
Mall Kiosk,4,12.64,100
Mall Kiosk,4,1319.6,100
Super Store,4,1399.44,100
Super Store,14,1959.44,100
Outlet,6,126,100
Super Store,103,4944,100
Local,3,49.5,100
Local,24,2016,100
Outlet,9,1636.74,100
Mall Kiosk,27,270,100
Outlet,12,105,100
Local,34,1086.64,100
Outlet,2,9.6,100
Super Store,28,3637.2,100
Mall Kiosk,2,37.66,100
Local,4,53.4,100
Mall Kiosk,7,111.44,100
Local,29,5075,100
Local,6,85.14,100
Super Store,11,1980,100
Outlet,24,528,100
Outlet,49,441,100
Super Store,14,62.86,100
Local,1303,16925.97,100
Mall Kiosk,2,65,100
Mall Kiosk,7,84,100
Local,42,231.84,100
Super Store,2,16.5,100
Super Store,2,308,100
Local,17,338.3,100
Super Store,2,223.86,100
Mall Kiosk,2,103.32,100
Outlet,13,129.48,100
Outlet,16,512,100
Mall Kiosk,4,143.52,100
Local,16,638.4,100
Local,5,1004.7,100
Local,17,2006,100
Super Store,42,293.58,100
Local,3,1500,100
Outlet,12,768,100
Super Store,2,5.4,100
Super Store,51,9180,100
Mall Kiosk,20,960,100
Local,18,464.94,100
Outlet,4,176,100
Super Store,34,816,100
Local,4,167.52,100
Mall Kiosk,5,400,100
Outlet,2,1039.74,100
Super Store,10,749.5,100
Super Store,4,103.84,100
Local,24,2400,100
Outlet,2,104,100
Mall Kiosk,12,288,100
Mall Kiosk,13,34.97,100
Outlet,9,19.8,100
Super Store,8,90,100
Local,11,1231.12,100
Outlet,4,599.76,100
Super Store,60,540,100
Local,54,1508.22,100
Mall Kiosk,2,800,100
Local,10,3850,100
Local,28,2267.16,100
Local,4,4160,100
Local,31,775,100
Super Store,26,1820,100
Outlet,6,294,100
Outlet,9,2925,100
Local,6,116.1,100
Outlet,2,200,100
Mall Kiosk,2,89.9,100
Local,53,182.85,100
Outlet,4,80,100
Outlet,12,32.28,100
Local,4,1167.68,100
Super Store,4,383.76,100
Local,23,7590,100
Local,6,1176,100
Mall Kiosk,26,2730,100
Local,38,684,100
Mall Kiosk,3,1485,100
Super Store,3,16.02,100
Outlet,38,380,100
Local,10,4200,100
Mall Kiosk,5,140,100
Super Store,2,256,100
Mall Kiosk,9,252,100
Local,21,882,100
Super Store,7,490,100
Outlet,5,48.75,100
Local,545,5450,100
Super Store,2,81.18,100
Local,14,728,100
Local,174,130.5,100
Outlet,15,1080,100
Local,4,1799.4,100
Local,77,1077.23,100
Local,3,1154.67,100
Mall Kiosk,2,559.86,100
Outlet,11,153.89,100
Outlet,4,43.96,100
Outlet,2,216,100
Local,5,384.3,100
Local,35,59.15,100
Local,4,615.56,100
Local,2,1300,100
Super Store,17,288.83,100
Local,62,1297.66,100
Super Store,4,437.88,100
Local,32,89.28,100
Local,8,2598.96,100
Outlet,8,2800,100
Outlet,16,1600,100
Super Store,28,3192,100
Outlet,2,170,100
Mall Kiosk,2,11.34,100
Local,2,81.36,100
Outlet,4,687.84,100
Outlet,2,69.94,100
Outlet,4,90,100
Local,4,114.96,100
Local,334,6680,100
Local,5,191.6,100
Local,20,442.8,100
Mall Kiosk,53,424,100
Super Store,7,10.29,100
Mall Kiosk,4,45,100
Super Store,4,979.72,100
Outlet,2,111.84,100
Super Store,25,437.5,100
Local,162,24300,100
Local,75,2250,100
Mall Kiosk,4,2240,100
Local,46,1468.32,100
Local,43,583.08,100
Super Store,6,215.52,100
Outlet,34,680,100
Super Store,9,1619.46,100
Mall Kiosk,61,610,100
Super Store,8,1680,100
Outlet,2,1400,100
Local,4,251.64,100
Mall Kiosk,6,191.76,100
Local,11,422.73,100
Outlet,3,23.97,100
Outlet,4,543.68,100
Outlet,2,196,100
Mall Kiosk,4,6,100
Super Store,12,300,100
Local,25,155.75,100
Super Store,10,1980,100
Local,5,249.75,100
Super Store,4,264,100
Local,47,227.01,100
Outlet,2,95.94,100
Super Store,3,902.79,100
Super Store,155,4650,100
Outlet,7,280,100
Outlet,12,647.64,100
Super Store,10,79.9,100
Mall Kiosk,2,441.74,100
Mall Kiosk,2,140,100
Mall Kiosk,2,1680,100
Local,4,439.56,100
Outlet,9,2160,100
Mall Kiosk,3,858,100
Super Store,5,624.75,100
Local,2,189.8,100
Local,3,773.82,100
Mall Kiosk,2,71.84,100
Super Store,3,900,100
Local,37,3663,100
Outlet,2,15,100
Mall Kiosk,30,3600,100
Super Store,5,37.95,100
Super Store,2,1.7,100
Local,10,2400,100
Super Store,4,111.68,100
Local,85,5100,100
Super Store,38,228,100
Super Store,2,53.8,100
Super Store,4,76.64,100
Super Store,3,10.8,100
Mall Kiosk,3,585,100
Super Store,7,94.92,100
Local,8,3200,100
Local,31,31,100
Mall Kiosk,101,6060,100
Local,21,1256.85,100
Mall Kiosk,29,462.84,100
Outlet,3,65.7,100
Super Store,13,207.74,100
Super Store,15,630,100
Local,51,7650,100
Mall Kiosk,8,512,100
Mall Kiosk,3,780,100
Local,3,1200,100
Local,11,231,100
Super Store,2,58.5,100
Outlet,2,272,100
Outlet,20,1760,100
Outlet,4,479.68,100
Local,19,2090,100
Local,20,259.6,100
Mall Kiosk,5,800,100
Super Store,6,105,100
Super Store,70,1120,100
Mall Kiosk,3,287.76,100
Super Store,3,1050,100
Super Store,74,4806.3,100
Super Store,56,280,100
Local,37,333,100
Super Store,13,637,100
Mall Kiosk,2,8.58,100
Outlet,3,2.94,100
Outlet,3,98.49,100
Outlet,2,391.72,100
Super Store,2,44,100
Super Store,7,588,100
Outlet,5,210,100
Super Store,12,1427.16,100
Mall Kiosk,4,91.96,100
Super Store,6,5.88,100
Local,8,191.6,100
Mall Kiosk,13,195,100
Local,46,10120,100
Outlet,9,8.01,100
Super Store,12,168,100
Super Store,2,1386,100
Local,74,2960,100
Mall Kiosk,15,150,100
Super Store,3,561,100
Outlet,4,140,100
Local,12,27,100
Outlet,18,1188,100
Super Store,12,1919.52,100
Local,4,1408,100
Local,11,483.12,100
Local,3,419.7,100
Super Store,3,7.2,100
Mall Kiosk,55,1650,100
Mall Kiosk,7,1399.44,100
Super Store,5,880,100
Local,7,35.7,100
Super Store,4,87.6,100
Super Store,2,329.78,100
Local,142,19880,100
Local,4,729.8,100
Local,199,26865,100
Local,9,1583.28,100
Super Store,3,726,100
Outlet,2,77,100
Outlet,2,11,100
Outlet,12,336,100
Local,3,1050,100
Super Store,5,7.5,100
Local,112,336,100
Super Store,13,312,100
Local,31,837,100
Local,109,271.41,100
Mall Kiosk,16,240,100
Local,40,9000,100
Mall Kiosk,30,45,100
Local,33,2640,100
Local,4,150.08,100
Outlet,11,12.1,100
Mall Kiosk,8,320,100
Local,2,489.06,100
Mall Kiosk,3,13.5,100
Super Store,43,4515,100
Local,2,35.76,100
Super Store,5,950,100
Mall Kiosk,32,1152,100
Mall Kiosk,10,164.7,100
Outlet,7,280,100
Mall Kiosk,3,269.94,100
Super Store,141,8460,100
Local,3,1475.64,100
Outlet,63,472.5,100
Super Store,2,133.96,100
Local,77,15003.45,100
Outlet,2,299.9,100
Local,178,7832,100
Mall Kiosk,9,100.44,100
Outlet,2,450,100
Outlet,6,64.56,100
Local,7,108.36,100
Mall Kiosk,2,399.92,100
Mall Kiosk,37,3256,100
Super Store,9,180,100
Local,5,439.6,100
Mall Kiosk,4,207.48,100
Outlet,34,1020,100
Local,14,882,100
Super Store,6,1920,100
Mall Kiosk,25,1699,100
Local,3,12.75,100
Super Store,13,505.31,100
Local,9,2140.74,100
Outlet,8,768,100
Local,82,302.58,100
Local,8,720,100
Mall Kiosk,8,8.8,100
Mall Kiosk,39,466.83,100
Mall Kiosk,5,1250,100
Super Store,128,2048,100
Mall Kiosk,2,479.76,100
Mall Kiosk,4,63.96,100
Mall Kiosk,9,1152,100
Local,7,105.84,100
Mall Kiosk,3,21.36,100
Mall Kiosk,3,147,100
Mall Kiosk,3,32.04,100
Mall Kiosk,14,245,100
Local,10,2200,100
Local,21,209.79,100
Super Store,5,56.25,100
Super Store,5,93.75,100
Outlet,103,206,100
Super Store,3,263.76,100
Outlet,3,2079,100
Super Store,7,2800,100
Mall Kiosk,4,2376,100
Mall Kiosk,2,79.8,100
Outlet,4,53.4,100
Outlet,2,49.8,100
Outlet,5,539.8,100
Local,24,648,100
Super Store,2,1050,100
Super Store,4,44,100
Super Store,19,247,100
Mall Kiosk,7,25.83,100
Outlet,6,104.7,100
Local,4,1199.6,100
Mall Kiosk,2,19.32,100
Outlet,2,84,100
Local,2,341.82,100
Local,4,90,100
Local,5,34,100
Local,2,3780,100
Outlet,2,660,100
Local,5,839.4,100
Outlet,2,119.7,100
Mall Kiosk,4,191.52,100
Outlet,10,147.6,100
Outlet,6,300,100
Local,7,3185,100
Super Store,15,478.8,100
Mall Kiosk,23,482.31,100
Outlet,2,48,100
Mall Kiosk,32,255.36,100
Local,22,2748.9,100
Outlet,2,109.9,100
Local,11,1055.67,100
Mall Kiosk,7,167.79,100
Local,4,63,100
Local,45,8775,100
Outlet,9,48.42,100
Super Store,9,2880,100
Outlet,21,28.98,100
Mall Kiosk,8,81.36,100
Mall Kiosk,49,146.51,100
Super Store,3,126.75,100
Local,5,194.7,100
Super Store,83,744.51,100
Local,60,1440,100
Outlet,16,576,100
Local,2,227.76,100
Local,36,162,100
Local,4,28.8,100
Mall Kiosk,3,450,100
Outlet,20,2857.8,100
Local,13,338,100
Local,3,287.64,100
Super Store,29,2175,100
Local,11,11880,100
Outlet,14,91,100
Outlet,2,12.46,100
Mall Kiosk,43,118.68,100
Super Store,26,4160,100
Mall Kiosk,37,1665,100
Local,18,4356,100
Local,4,2519.72,100
Mall Kiosk,4,480,100
Mall Kiosk,89,667.5,100
Mall Kiosk,16,527.84,100
Outlet,2,10.68,100
Outlet,11,143,100
Outlet,6,672,100
Mall Kiosk,5,182.45,100
Mall Kiosk,2,423.92,100
Local,59,4128.82,100
Super Store,67,335,100
Super Store,8,239.68,100
Mall Kiosk,4,511.84,100
Super Store,38,1899.24,100
Local,16,132.48,100
Outlet,3,224.85,100
Local,4,72.24,100
Outlet,7,98,100
Local,12,2124,100
Local,14,1511.16,100
Super Store,15,2250,100
Outlet,17,60.52,100
Local,4,44.48,100
Local,24,792,100
Super Store,33,24.75,100
Local,18,1062,100
Super Store,37,324.12,100
Local,101,606,100
Local,18,160.92,100
Mall Kiosk,23,160.77,100
Mall Kiosk,11,880,100
Mall Kiosk,13,62.79,100
Outlet,18,2338.2,100
Mall Kiosk,5,180,100
Local,126,3148.74,100
Super Store,44,792,100
Local,7,3919.02,100
Super Store,5,105,100
Local,5,148.05,100
Local,40,959.2,100
Local,6,162.72,100
Outlet,2,14.9,100
Outlet,4,360,100
Mall Kiosk,3,77.22,100
Super Store,3,185.94,100
Mall Kiosk,21,1049.58,100
Local,15,1004.7,100
Local,62,4958.76,100
Super Store,4,720,100
Outlet,2,1950,100
Outlet,45,225,100
Local,12,195,100
Outlet,61,1220,100
Local,4,32.2,100
Local,27,472.5,100
Local,13,338,100
Mall Kiosk,11,539,100
Local,4,2399.4,100
Outlet,3,449.91,100
Mall Kiosk,15,269.55,100
Local,13,182.91,100
Mall Kiosk,3,81,100
Super Store,22,143,100
Mall Kiosk,9,1215,100
Super Store,8,960,100
Outlet,41,1476,100
Super Store,45,1260,100
Outlet,5,599.7,100
Local,2,80.7,100
Local,5,549.75,100
Local,128,1792,100
Mall Kiosk,4,160,100
Super Store,3,81,100
Super Store,5,244.65,100
Outlet,10,30,100
Super Store,4,168,100
Outlet,2,87.78,100
Outlet,2,37.52,100
Super Store,4,408,100
Mall Kiosk,49,490,100
Local,4,74.36,100
Mall Kiosk,2,749.7,100
Mall Kiosk,53,636,100
Mall Kiosk,6,33,100
Local,273,543.27,100
Mall Kiosk,2,9.58,100
Outlet,12,419.88,100
Mall Kiosk,2,269.7,100
Super Store,38,5320,100
Super Store,30,540,100
Mall Kiosk,3,133.38,100
Super Store,14,560,100
Outlet,16,24,100
Mall Kiosk,119,2975,100
Local,3,559.44,100
Mall Kiosk,14,980,100
Local,47,2397,100
Outlet,12,26.28,100
Super Store,8,16,100
Super Store,6,1560,100
Outlet,9,611.64,100
Mall Kiosk,5,16.95,100
Local,34,230.52,100
Local,5,224.5,100
Local,22,17.38,100
Outlet,2,48.18,100
Super Store,3,209.85,100
Local,7,881.51,100
Super Store,2,108,100
Local,9,198,100
Mall Kiosk,2,593.82,100
Local,3,1239,100
Local,3,4950,100
Local,15,17.55,100
Local,11,99,100
Outlet,4,91.96,100
Super Store,4,1368,100
Outlet,2,53.28,100
Mall Kiosk,43,7740,100
Super Store,4,896,100
Outlet,81,4050,100
Local,336,840,100
Local,3,630,100
Local,2,577.98,100
Outlet,5,200,100
Super Store,9,441,100
Outlet,3,1320,100
Outlet,4,1040,100
Outlet,3,59.76,100
Mall Kiosk,7,45.43,100
Mall Kiosk,26,468,100
Mall Kiosk,16,2494.08,100
Super Store,3,30.42,100
Super Store,10,130,100
Outlet,3,168,100
Super Store,24,411.84,100
Mall Kiosk,4,36,100
Outlet,5,18.75,100
Outlet,11,616,100
Local,2,94.38,100
Local,9,91.26,100
Outlet,3,107.73,100
Local,2,1979.78,100
Outlet,15,150,100
Mall Kiosk,4,111.44,100
Super Store,34,3570,100
Super Store,6,132.84,100
Mall Kiosk,108,4860,100
Local,50,16250,100
Mall Kiosk,50,1200,100
Mall Kiosk,100,3000,100
Mall Kiosk,6,1368,100
Mall Kiosk,2,37.96,100
Super Store,71,1420,100
Mall Kiosk,47,4273.71,100
Mall Kiosk,11,144.76,100
Local,13,1663.48,100
Local,684,51300,100
Local,190,1330,100
Super Store,82,307.5,100
Local,3,2730,100
Outlet,3,98.91,100
Mall Kiosk,11,2475,100
Outlet,6,1800,100
Super Store,57,3762,100
Local,130,284.7,100
Mall Kiosk,4,3.92,100
Local,132,21120,100
Outlet,2,539.94,100
Super Store,6,1536,100
Outlet,9,1350,100
Local,84,14185.08,100
Outlet,2,321.86,100
Super Store,2,89.98,100
Mall Kiosk,6,81.36,100
Outlet,4,1100,100
Local,30,840,100
Mall Kiosk,4,112,100
Super Store,4,1400,100
Local,30,840,100
Local,20,2600,100
Mall Kiosk,2,86.22,100
Super Store,4,47.68,100
Super Store,45,9000,100
Local,6,133.92,100
Super Store,4,1320,100
Local,84,1006.32,100
Local,4,153.56,100
Outlet,5,17.25,100
Local,27,567,100
Local,5,349.5,100
Super Store,61,242.78,100
Super Store,7,440.51,100
Local,15,3960,100
Local,2,259.74,100
Local,15,155.25,100
Outlet,24,479.76,100
Super Store,29,521.13,100
Local,13,570.57,100
Mall Kiosk,53,159,100
Super Store,3,1155,100
Local,32,4798.08,100
Local,58,995.28,100
Super Store,10,41.4,100
Super Store,5,2275,100
Local,2,162,100
Local,11,18.7,100
Super Store,3,659.67,100
Outlet,4,784,100
Mall Kiosk,3,2079,100
Mall Kiosk,2,109.8,100
Local,23,2208,100
Local,9,1512,100
Local,3,297,100
Local,3,2100,100
Local,42,7560,100
Super Store,6,2640,100
Local,36,648,100
Outlet,14,9.66,100
Super Store,15,66,100
Outlet,26,468,100
Local,43,218.01,100
Outlet,13,58.5,100
Super Store,4,72,100
Local,98,732.06,100
Local,6,121.68,100
Local,53,11925,100
Local,16,335.04,100
Super Store,2,659.8,100
Outlet,2,359.96,100
Outlet,3,301.41,100
Outlet,3,974.61,100
Mall Kiosk,2,143.82,100
Super Store,5,161.85,100
Mall Kiosk,10,990,100
Local,15,70.35,100
Super Store,9,270,100
Local,2,1400,100
Outlet,15,52.5,100
Local,38,303.62,100
Outlet,11,48.18,100
Super Store,6,263.88,100
Mall Kiosk,10,1818.6,100
Super Store,4,1920,100
Mall Kiosk,5,55,100
Outlet,5,400,100
Local,35,1225,100
Local,11,44.55,100
Super Store,12,479.88,100
Outlet,67,2010,100
Outlet,5,1225,100
Outlet,10,200,100
Super Store,4,207.48,100
Super Store,3,71.19,100
Super Store,40,1199.2,100
Local,3,3105,100
Super Store,17,2429.13,100
Local,490,980,100
Mall Kiosk,9,900,100
Local,16,852.48,100
Local,66,594,100
Local,13,2338.83,100
Super Store,66,792,100
Local,3,50.22,100
Outlet,6,960,100
Super Store,7,175,100
Local,2,13,100
Mall Kiosk,35,3150,100
Super Store,33,2112,100
Local,8,255.92,100
Super Store,3,588,100
Mall Kiosk,3,312,100
Super Store,7,43.61,100
Local,6,2160,100
Local,2,1229.7,100
Super Store,90,3600,100
Outlet,24,1296,100
Local,4,2940,100
Mall Kiosk,17,1020,100
Local,2,429.9,100
Local,2,359.7,100
Local,284,34080,100
Mall Kiosk,7,335.79,100
Mall Kiosk,2,65.94,100
Local,74,398.12,100
Outlet,41,3690,100
Outlet,26,207.48,100
Local,44,231,100
Mall Kiosk,2,1104,100
Super Store,4,288,100
Mall Kiosk,2,2240,100
Local,15,12150,100
Super Store,3,74.7,100
Super Store,145,580,100
Super Store,2,251.82,100
Mall Kiosk,9,945,100
Outlet,10,599.6,100
Mall Kiosk,3,77.49,100
Super Store,135,1350,100
Mall Kiosk,26,1976,100
Outlet,9,2025,100
Outlet,17,12.75,100
Local,9,3508.83,100
Local,7,1456,100
Outlet,2,1.58,100
Outlet,6,20.94,100
Local,16,1343.04,100
Outlet,2,559.72,100
Mall Kiosk,8,1680,100
Super Store,3,131.67,100
Local,50,493.5,100
Local,7,1203.72,100
Outlet,7,73.29,100
Mall Kiosk,4,223.72,100
Outlet,2,72,100
Local,70,14700,100
Local,24,1655.28,100
Local,49,7546,100
Local,7,650.79,100
Local,7,232.47,100
Super Store,33,692.01,100
Local,57,625.86,100
Mall Kiosk,3,3.45,100
Super Store,2,840,100
Local,16,312,100
Mall Kiosk,4,129.48,100
Local,2,97.72,100
Outlet,3,540,100
Local,3,944.79,100
Super Store,32,4000,100
Super Store,4,104,100
Super Store,4,183.92,100
Super Store,3,34.02,100
Super Store,4,75.04,100
Super Store,6,131.88,100
Local,161,362.25,100
Mall Kiosk,2,29.96,100
Super Store,2,559.86,100
Local,3,102,100
Super Store,2,629.82,100
Local,2,15.3,100
Local,9,431.73,100
Mall Kiosk,4,215.92,100
Local,3,98.7,100
Local,2,1180,100
Super Store,3,21.36,100
Mall Kiosk,8,60.48,100
Mall Kiosk,2,9,100
Mall Kiosk,7,223.86,100
Local,21,461.58,100
Local,5,2695,100
Local,2,98.82,100
Local,9,1008,100
Super Store,5,674.85,100
Outlet,24,143.28,100
Super Store,7,308,100
Mall Kiosk,55,3300,100
Local,43,6880,100
Outlet,167,6507.99,100
Super Store,292,11379.24,100
Super Store,3,629.82,100
Mall Kiosk,5,195,100
Super Store,3,239.76,100
Local,3,17.64,100
Super Store,20,800,100
Mall Kiosk,3,48.42,100
Outlet,3,840,100
Local,13,6370,100
Local,38,1064,100
Outlet,21,2625,100
Local,101,705.99,100
Local,177,3538.23,100
Outlet,2,77.88,100
Local,213,1065,100
Mall Kiosk,37,147.26,100
Super Store,36,4320,100
Super Store,2,159.8,100
Mall Kiosk,2,1.56,100
Local,19,357.77,100
Mall Kiosk,3,42.9,100
Super Store,6,45,100
Local,567,4252.5,100
Mall Kiosk,4,260,100
Local,292,17520,100
Mall Kiosk,9,2430,100
Local,22,593.78,100
Mall Kiosk,2,133.38,100
Mall Kiosk,11,1319.67,100
Super Store,2,419.72,100
Mall Kiosk,5,49.35,100
Super Store,6,17.88,100
Mall Kiosk,27,3375,100
Super Store,2,52.56,100
Local,19,1520,100
Super Store,18,4320,100
Super Store,19,341.24,100
Outlet,5,14.9,100
Mall Kiosk,7,672,100
Mall Kiosk,4,128,100
Mall Kiosk,2,9.2,100
Local,4,1451.56,100
Super Store,2,480,100
Super Store,3,180,100
Local,13,1181.31,100
Super Store,79,236.21,100
Local,3,493.29,100
Local,4,1295.52,100
Super Store,3,13.35,100
Local,62,1984,100
Super Store,28,448,100
Outlet,3,630,100
Mall Kiosk,158,474,100
Mall Kiosk,6,10.2,100
Local,226,6328,100
Outlet,2,37.98,100
Local,12,671.76,100
Super Store,22,197.78,100
Outlet,2,1079.76,100
Mall Kiosk,2,989.7,100
Local,32,8960,100
Mall Kiosk,10,2100,100
Super Store,11,144.76,100
Local,5,2500,100
Super Store,4,351.84,100
Local,9,1529.1,100
Mall Kiosk,25,5000,100
Mall Kiosk,2,76.64,100
Local,88,12574.32,100
Outlet,4,263.88,100
Super Store,103,824,100
Local,22,33,100
Mall Kiosk,9,1584,100
Outlet,2,144,100
Local,5,799.5,100
Super Store,15,480,100
Local,2,62.82,100
Local,10,315,100
Super Store,4,783.44,100
Super Store,30,5455.8,100
Mall Kiosk,8,80,100
Super Store,56,7560,100
Mall Kiosk,20,1119.2,100
Super Store,16,2048,100
Super Store,3,13.5,100
Outlet,2,27.9,100
Outlet,23,161,100
Mall Kiosk,10,300,100
Mall Kiosk,2,45.5,100
Super Store,12,2880,100
Local,70,10911.6,100
Local,3,422.82,100
Super Store,9,810,100
Outlet,26,1170,100
Local,3,398.79,100
Local,29,2610,100
Super Store,13,113.75,100
Outlet,95,95,100
Local,37,4662,100
Local,16,829.92,100
Super Store,9,1755,100
Super Store,2,532,100
Local,116,1624,100
Super Store,3,19.35,100
Outlet,2,95.84,100
Outlet,8,960,100
Mall Kiosk,3,24.84,100
Mall Kiosk,3,134.55,100
Super Store,4,75.96,100
Mall Kiosk,2,127.96,100
Outlet,3,161.94,100
Super Store,2,689.7,100
Local,5,1199.25,100
Local,6,494.1,100
Local,21,3463.95,100
Super Store,7,52.92,100
Mall Kiosk,4,279.8,100
Local,6,200.94,100
Local,16,1343.52,100
Super Store,7,115.15,100
Local,92,8277.24,100
Local,7,1641.01,100
Super Store,41,92.25,100
Mall Kiosk,15,329.4,100
Local,3,1619.82,100
Super Store,10,14.9,100
Mall Kiosk,2,62.82,100
Mall Kiosk,10,1600,100
Local,12,106.8,100
Mall Kiosk,20,1800,100
Super Store,6,300,100
Local,20,7200,100
Local,312,3120,100
Local,7,943.95,100
Local,6,1295.52,100
Local,15,386.1,100
Mall Kiosk,7,63,100
Local,13,126.75,100
Mall Kiosk,3,1260,100
Local,25,139.5,100
Outlet,4,912,100
Local,6,1223.28,100
Mall Kiosk,2,71.88,100
Local,6,161.4,100
Local,76,247,100
Outlet,2,98,100
Super Store,2,51,100
Super Store,16,6000,100
Local,17,583.44,100
Mall Kiosk,4,13.52,100
Super Store,5,164.45,100
Super Store,4,131.76,100
Outlet,11,307.56,100
Super Store,5,75,100
Local,5,225,100
Super Store,2,649.74,100
Outlet,31,61.69,100
Super Store,45,360,100
Super Store,3,26.91,100
Mall Kiosk,2,1350,100
Mall Kiosk,3,1368,100
Outlet,2,840,100
Super Store,2,879.78,100
Super Store,83,2656,100
Local,3,118.44,100
Super Store,14,700,100
Web Portal,2,10,100
Super Store,4,2160,100
Outlet,10,240,100
Super Store,21,252,100
Mall Kiosk,4,4,100
Outlet,27,1188,100
Super Store,3,2145,100
Mall Kiosk,7,357,100
Super Store,5,2100,100
Local,5,1589.7,100
Local,3,108.57,100
Local,45,1620,100
Super Store,5,279.6,100
Outlet,19,2280,100
Super Store,13,2274.09,100
Local,3,167.79,100
Mall Kiosk,3,56.28,100
Local,12,149.4,100
Mall Kiosk,133,6650,100
Mall Kiosk,3,335.76,100
Outlet,6,1008,100
Mall Kiosk,12,720,100
Super Store,2,1040,100
Outlet,3,97.5,100
Super Store,6,131.34,100
Mall Kiosk,3,131.76,100
Mall Kiosk,21,419.79,100
Outlet,2,45.5,100
Super Store,33,1056,100
Mall Kiosk,11,1650,100
Super Store,3,1680,100
Outlet,2,140,100
Outlet,3,131.88,100
Outlet,8,26.32,100
Local,97,4944.09,100
Local,24,717.6,100
Local,90,10796.4,100
Local,6,395.34,100
Local,8,12.48,100
Outlet,55,137.5,100
Local,45,471.15,100
Local,6,2519.28,100
Local,15,3840,100
Mall Kiosk,12,2880,100
Super Store,13,233.87,100
Outlet,12,720,100
Outlet,33,165,100
Local,5,19.75,100
Super Store,4,687.84,100
Local,2,9.48,100
Mall Kiosk,2,185.94,100
Outlet,3,95.88,100
Outlet,16,768,100
Super Store,7,26.46,100
Super Store,20,3600,100
Mall Kiosk,3,69.09,100
Outlet,5,74.75,100
Mall Kiosk,8,999.6,100
Mall Kiosk,2,95.88,100
Super Store,10,33.8,100
Mall Kiosk,6,65.7,100
Outlet,2,43.04,100
Local,16,5120,100
Super Store,9,647.64,100
Super Store,44,616,100
Super Store,3,662.61,100
Local,41,12177,100
Super Store,9,33.75,100
Local,6,1535.52,100
Local,10,69,100
Local,4,319.68,100
Mall Kiosk,3,119.88,100
Mall Kiosk,7,104.58,100
Local,12,1343.52,100
Local,21,2268,100
Outlet,5,90,100
Super Store,19,4940,100
Mall Kiosk,7,503.72,100
Super Store,2,28.14,100
Local,3,1650,100
Mall Kiosk,4,200,100
Local,14,306.6,100
Local,13,71.5,100
Local,111,1663.89,100
Local,4,15.68,100
Local,95,5316.2,100
Super Store,3,660,100
Local,8,2238.88,100
Super Store,12,3780,100
Local,10,5320,100
Mall Kiosk,5,90,100
Local,2,1349.7,100
Mall Kiosk,4,252,100
Local,21,4408.53,100
Local,16,1566.88,100
Local,13,292.11,100
Super Store,38,399,100
Super Store,22,1319.56,100
Local,29,2463.55,100
Super Store,3,1416,100
Outlet,36,215.28,100
Local,62,740.28,100
Local,178,9612,100
Local,33,1716,100
Outlet,14,237.86,100
Super Store,5,284.85,100
Mall Kiosk,105,1050,100
Local,10,373.5,100
Local,9,93.87,100
Outlet,5,1575,100
Mall Kiosk,3,1.5,100
Super Store,3,23.1,100
Super Store,83,1992,100
Local,21,1365,100
Local,9,211.41,100
Outlet,3,26.91,100
Local,11,39.6,100
Super Store,7,311.22,100
Local,5,719.4,100
Outlet,57,342,100
Mall Kiosk,11,351.12,100
Outlet,2,161.94,100
Mall Kiosk,10,109.8,100
Local,167,13353.32,100
Outlet,2,196,100
Local,7,1259.3,100
Outlet,4,18,100
Local,26,2728.18,100
Super Store,5,120,100
Super Store,13,77.48,100
Super Store,2,532.8,100
Super Store,5,2025,100
Local,2,22.5,100
Super Store,10,124.5,100
Mall Kiosk,6,150,100
Super Store,2,60.9,100
Local,21,9450,100
Super Store,3,31.5,100
Local,3,49.5,100
Local,11,1320,100
Local,55,547.25,100
Mall Kiosk,4,27.6,100
Mall Kiosk,2,26.46,100
Super Store,24,180,100
Mall Kiosk,4,6.32,100
Local,177,10614.69,100
Outlet,44,2112,100
Outlet,17,577.66,100
Local,5,810,100
Mall Kiosk,24,432,100
Outlet,4,1232,100
Super Store,2,437.88,100
Local,32,6080,100
Outlet,46,460,100
Super Store,165,4125,100
Super Store,2,839.7,100
Local,103,1520.28,100
Local,329,6580,100
Mall Kiosk,27,94.5,100
Super Store,85,680,100
Super Store,3,413.82,100
Outlet,5,340,100
Local,10,599.5,100
Mall Kiosk,2,559.72,100
Mall Kiosk,2,540,100
Mall Kiosk,9,21.33,100
Super Store,20,195,100
Super Store,14,840,100
Mall Kiosk,16,56.96,100
Mall Kiosk,18,132.84,100
Outlet,13,71.37,100
Outlet,13,649.74,100
Local,14,115.5,100
Mall Kiosk,8,768,100
Outlet,5,134.95,100
Mall Kiosk,2,323.88,100
Mall Kiosk,4,12,100
Super Store,3,82.17,100
Outlet,3,113.88,100
Outlet,8,1584,100
Outlet,2,79.9,100
Outlet,16,96,100
Mall Kiosk,13,857.74,100
Outlet,19,95,100
Super Store,6,41.4,100
Outlet,7,560,100
Super Store,3,107.25,100
Super Store,3,18.96,100
Local,353,1055.47,100
Local,121,5808,100
Local,15,7200,100
Mall Kiosk,3,125.82,100
Local,149,3576,100
Mall Kiosk,4,440,100
Outlet,5,45,100
Local,3,233.64,100
Super Store,69,86.25,100
Super Store,2,17.4,100
Super Store,4,719.84,100
Mall Kiosk,11,188.76,100
Local,44,12320,100
Local,3,269.7,100
Local,16,303.68,100
Super Store,2,13.5,100
Super Store,15,405,100
Mall Kiosk,2,479.88,100
Mall Kiosk,3,300,100
Local,19,2773.24,100
Local,135,472.5,100
Local,71,1275.16,100
Outlet,7,560,100
Local,39,1404,100
Mall Kiosk,2,13.5,100
Outlet,3,30.96,100
Super Store,3,900,100
Outlet,5,8.5,100
Mall Kiosk,4,437.88,100
Local,2,895.72,100
Local,49,7838.04,100
Local,7,1119.65,100
Local,178,6408,100
Mall Kiosk,2,169.9,100
Outlet,130,520,100
Local,22,802.78,100
Super Store,78,4680,100
Local,240,1680,100
Local,37,376.29,100
Super Store,2,179.96,100
Mall Kiosk,2,143.7,100
Outlet,3,531,100
Super Store,9,123.75,100
Super Store,11,18.59,100
Local,141,14100,100
Super Store,3,7.11,100
Local,8,13.6,100
Super Store,13,206.96,100
Outlet,9,377.73,100
Mall Kiosk,5,509.7,100
Local,2,1680,100
Super Store,16,215.52,100
Super Store,9,576,100
Outlet,2,7.2,100
Mall Kiosk,5,244.65,100
Local,8,2798.88,100
Local,4,189.84,100
Local,2,175.78,100
Outlet,3,77.49,100
Mall Kiosk,2,448,100
Mall Kiosk,5,99.6,100
Super Store,2,400,100
Local,8,1960,100
Local,4,89.4,100
Mall Kiosk,4,88,100
Local,2,111.54,100
Outlet,4,480,100
Mall Kiosk,2,44.82,100
Local,2,531.72,100
Local,3,5.85,100
Outlet,3,719.64,100
Super Store,15,2640,100
Mall Kiosk,7,10.43,100
Outlet,16,36,100
Local,122,8291.12,100
Super Store,6,2340,100
Outlet,17,297.5,100
Super Store,16,1088,100
Local,393,14148,100
Super Store,15,82.8,100
Local,75,411.75,100
Outlet,6,86.22,100
Local,5,127.5,100
Outlet,9,215.46,100
Outlet,5,229.9,100
Local,4,54,100
Outlet,2,95.76,100
Mall Kiosk,15,80.7,100
Mall Kiosk,10,1800,100
Outlet,2,90,100
Local,337,5392,100
Local,3,215.55,100
Local,3,136.29,100
Local,3,136.5,100
Local,26,493.74,100
Mall Kiosk,2,151.92,100
Outlet,3,360,100
Outlet,4,399.8,100
Local,12,57.6,100
Local,10,6930,100
Super Store,2,11,100
Super Store,27,323.46,100
Outlet,2,17.6,100
Mall Kiosk,27,864,100
Local,8,23.52,100
Super Store,7,126,100
Outlet,27,107.46,100
Outlet,2,2240,100
Super Store,5,13.75,100
Local,18,1438.56,100
Local,4,1759.56,100
Super Store,17,1189.66,100
Mall Kiosk,5,31.05,100
Mall Kiosk,8,1040,100
Local,78,2729.22,100
Super Store,3,269.97,100
Local,29,2552,100
Outlet,3,207,100
Super Store,2,41.58,100
Local,4,1311.68,100
Mall Kiosk,2,442,100
Local,2,1800,100
Super Store,3,13.05,100
Outlet,4,112,100
Local,3,117.45,100
Mall Kiosk,3,72.27,100
Local,23,1101.24,100
Local,8,1798.8,100
Local,7,1568,100
Mall Kiosk,5,54.95,100
Super Store,3,95.97,100
Mall Kiosk,13,650,100
Local,2,199.8,100
Mall Kiosk,5,130,100
Local,54,13500,100
Local,9,800.28,100
Local,26,2650.44,100
Local,50,15000,100
Mall Kiosk,6,864,100
Mall Kiosk,8,68,100
Local,2,143.82,100
Mall Kiosk,12,210.24,100
Local,12,1008,100
Super Store,6,792,100
Super Store,10,1999.2,100
Local,6,83.7,100
Outlet,4,61.32,100
Local,248,989.52,100
Local,13,1741.48,100
Outlet,3,117,100
Super Store,2,105,100
Mall Kiosk,9,13.23,100
Local,14,627.9,100
Outlet,6,102,100
Local,5,1649.45,100
Local,14,3920,100
Super Store,5,1199.4,100
Mall Kiosk,7,524.65,100
Mall Kiosk,10,2400,100
Local,10,1948.7,100
Mall Kiosk,2,700,100
Super Store,2,476,100
Local,14,318.5,100
Local,82,4100,100
Local,9,4104,100
Local,333,7992,100
Super Store,4,281.88,100
Super Store,2,1200,100
Super Store,21,68.25,100
Super Store,5,45.15,100
Local,18,539.1,100
Local,13,4873.05,100
Mall Kiosk,13,311.48,100
Local,10,2070,100
Outlet,3,17.01,100
Local,35,559.3,100
Super Store,2,15,100
Super Store,19,683.43,100
Local,9,1134,100
Local,13,1949.61,100
Mall Kiosk,55,493.35,100
Super Store,118,944,100
Mall Kiosk,18,179.28,100
Local,20,538.8,100
Super Store,10,560,100
Mall Kiosk,2,35.82,100
Local,8,4160,100
Local,18,2160,100
Local,13,362.96,100
Mall Kiosk,44,87.56,100
Local,3,179.82,100
Local,2,69.8,100
Outlet,4,63.68,100
Outlet,17,340,100
Mall Kiosk,2,299.94,100
Outlet,9,23.22,100
Super Store,5,735,100
Local,12,863.88,100
Mall Kiosk,4,880,100
Super Store,2,106.56,100
Super Store,7,58.59,100
Local,217,4774,100
Local,1258,49024.26,100
Mall Kiosk,7,1386,100
Outlet,31,651,100
Super Store,8,36,100
Local,52,2184,100
Super Store,3,62.82,100
Local,15,3000,100
Local,2,597.74,100
Local,224,4704,100
Local,10,274.5,100
Outlet,6,594,100
Outlet,2,216,100
Mall Kiosk,3,22.5,100
Local,136,1191.36,100
Mall Kiosk,17,30.26,100
Local,2,1950,100
Mall Kiosk,2,377.86,100
Mall Kiosk,9,944.73,100
Outlet,7,125.72,100
Super Store,36,236.52,100
Super Store,6,9.48,100
Mall Kiosk,22,3300,100
Local,4,2340,100
Local,19,2090,100
Super Store,5,479.6,100
Super Store,5,315,100
Outlet,11,176,100
Outlet,2,399.92,100
Local,54,9720,100
Outlet,2,8.1,100
Local,73,656.27,100
Outlet,3,432,100
Local,3,161.64,100
Super Store,6,154.44,100
Super Store,2,102,100
Local,21,42,100
Super Store,29,2320,100
Mall Kiosk,8,639.84,100
Mall Kiosk,3,1050,100
Local,3,3564,100
Super Store,5,101.7,100
Outlet,2,269.94,100
Local,19,7410,100
Super Store,44,121.44,100
Local,46,7356.32,100
Local,18,800.28,100
Super Store,20,2399.2,100
Super Store,23,736,100
Local,5,1199.7,100
Outlet,2,39.48,100
Local,81,789.75,100
Super Store,25,4871.25,100
Local,25,1099.5,100
Super Store,2,431.84,100
Local,339,423.75,100
Mall Kiosk,3,63,100
Mall Kiosk,7,2205,100
Outlet,3,14.37,100
Super Store,6,629.1,100
Super Store,33,412.5,100
Super Store,2,240,100
Local,67,1005,100
Outlet,6,1200,100
Local,3,58.11,100
Super Store,14,490,100
Mall Kiosk,6,144,100
Outlet,67,3015,100
Outlet,19,1899.24,100
Outlet,5,1800,100
Local,13,934.96,100
Super Store,2,59.5,100
Super Store,3,720,100
Local,865,3460,100
Outlet,14,2128,100
Outlet,18,1350,100
Super Store,8,288,100
Super Store,2,103.32,100
Mall Kiosk,8,3000,100
Super Store,8,719.52,100
Local,48,2302.08,100
Outlet,2,63,100
Super Store,7,67.62,100
Super Store,3,1799.55,100
Mall Kiosk,3,593.82,100
Mall Kiosk,6,170.82,100
Mall Kiosk,26,3510,100
Mall Kiosk,3,1575,100
Local,90,7560,100
Local,9,692.01,100
Outlet,3,1.5,100
Mall Kiosk,12,215.52,100
Local,2,179.82,100
Super Store,24,671.04,100
Mall Kiosk,2,840,100
Super Store,3,449.85,100
Super Store,5,209.3,100
Outlet,29,87,100
Mall Kiosk,41,244.77,100
Super Store,2,4.5,100
Local,19,147.06,100
Outlet,3,708,100
Mall Kiosk,3,207,100
Local,71,1169.37,100
Super Store,3,713.58,100
Super Store,5,195,100
Local,3,152.55,100
Local,15,11.7,100
Super Store,39,1404,100
Outlet,3,134.97,100
Super Store,14,840,100
Mall Kiosk,6,1080,100
Local,68,1016.6,100
Super Store,2,252,100
Local,8,1959.44,100
Super Store,10,69.8,100
Local,3,82.5,100
Local,7,3990,100
Local,2,19.2,100
Local,4,1888,100
Mall Kiosk,3,480,100
Local,4,1007.44,100
Local,60,1079.4,100
Outlet,3,990,100
Mall Kiosk,3,671.58,100
Super Store,4,103.48,100
Super Store,3,251.58,100
Local,33,90.75,100
Mall Kiosk,9,94.23,100
Outlet,2,500,100
Local,15,246.75,100
Super Store,20,539.4,100
Super Store,4,336,100
Mall Kiosk,32,672,100
Local,2,12,100
Super Store,3,126,100
Super Store,9,157.68,100
Local,7,52.15,100
Local,19,3760.86,100
Super Store,2,16.02,100
Local,10,429.9,100
Super Store,123,1476,100
Super Store,9,126,100
Mall Kiosk,100,500,100
Local,6,58.74,100
Local,3,201.18,100
Mall Kiosk,3,105,100
Super Store,3,37.38,100
Super Store,3,58.41,100
Local,3,588,100
Outlet,3,42,100
Outlet,3,305.82,100
Super Store,6,134.7,100
Mall Kiosk,3,468,100
Super Store,2,440,100
Mall Kiosk,13,111.54,100
Mall Kiosk,4,42,100
Super Store,7,73.5,100
Local,2,767.76,100
Super Store,12,2340,100
Outlet,30,238.8,100
Local,7,137.97,100
Outlet,11,16.5,100
Mall Kiosk,10,130,100
Outlet,2,360,100
Super Store,25,950,100
Local,10,94.5,100
Local,6,82.5,100
Super Store,6,647.64,100
Super Store,5,1049.65,100
Local,2,229.9,100
Mall Kiosk,6,83.76,100
Local,9,156.6,100
Local,2,38.92,100
Super Store,5,180,100
Super Store,17,1530,100
Super Store,81,2430,100
Super Store,9,900,100
Super Store,6,624,100
Super Store,2,285.74,100
Local,6,195,100
Local,84,2009.28,100
Super Store,28,74.76,100
Super Store,11,1099.45,100
Local,3,2880,100
Outlet,33,296.01,100
Mall Kiosk,23,1725,100
Mall Kiosk,6,252,100
Local,2,223.72,100
Local,373,8952,100
Local,595,35700,100
Outlet,63,504,100
Local,8,767.52,100
Local,2,30.8,100
Local,94,3945.18,100
Local,3,399.6,100
Local,73,13140,100
Mall Kiosk,4,154,100
Local,9,494.1,100
Mall Kiosk,6,599.7,100
Super Store,6,756,100
Mall Kiosk,13,2340,100
Local,5,15,100
Mall Kiosk,14,350,100
Mall Kiosk,3,240,100
Local,3,1439.64,100
Local,16,574.56,100
Outlet,2,2.78,100
Super Store,2,33.48,100
Outlet,44,526.24,100
Local,27,7182,100
Outlet,3,156,100
Local,12,3000,100
Super Store,11,131.34,100
Outlet,3,78,100
Outlet,84,1260,100
Super Store,26,779.74,100
Mall Kiosk,13,181.74,100
Local,54,10800,100
Super Store,44,30.36,100
Super Store,5,65.25,100
Local,3,809.73,100
Super Store,2,21.36,100
Super Store,4,448,100
Super Store,169,12675,100
Super Store,2,39.06,100
Local,10,306.6,100
Mall Kiosk,24,61.92,100
Super Store,12,197.64,100
Outlet,41,246,100
Super Store,9,1215,100
Super Store,4,126,100
Local,9,1214.19,100
Local,2,839.72,100
Local,5,979.3,100
Mall Kiosk,17,816,100
Local,8,3960,100
Local,38,4940,100
Mall Kiosk,6,216,100
Local,5,539.4,100
Mall Kiosk,2,127.84,100
Local,3,533.52,100
Local,2,83.7,100
Mall Kiosk,7,244.93,100
Super Store,27,2268,100
Super Store,4,515.88,100
Super Store,6,671.52,100
Outlet,2,153.72,100
Mall Kiosk,8,383.68,100
Mall Kiosk,3,66.42,100
Super Store,14,840,100
Mall Kiosk,2,1100,100
Outlet,3,27.09,100
Mall Kiosk,10,180,100
Local,31,339.45,100
Mall Kiosk,2,61.02,100
Super Store,2,92.12,100
Super Store,2,700,100
Mall Kiosk,17,1529.49,100
Super Store,33,231,100
Mall Kiosk,5,280,100
Outlet,2,24.3,100
Super Store,2,686,100
Local,27,1296,100
Local,21,629.37,100
Mall Kiosk,21,183.96,100
Outlet,4,260,100
Super Store,9,971.64,100
Local,4,9.36,100
Outlet,7,1078,100
Outlet,3,58.5,100
Outlet,9,72.63,100
Super Store,2,47.9,100
Outlet,10,17.8,100
Super Store,8,3360,100
Super Store,24,672,100
Outlet,2,79.92,100
Super Store,14,62.58,100
Outlet,159,2065.41,100
Outlet,14,69.72,100
Outlet,3,52.5,100
Mall Kiosk,9,3240,100
Super Store,2,384,100
Mall Kiosk,23,2622,100
Local,681,68100,100
Local,15,1598.4,100
Super Store,2,29.96,100
Mall Kiosk,4,340,100
Local,3,227.76,100
Local,10,5400,100
Outlet,3,1170,100
Local,32,4608,100
Super Store,26,78,100
Outlet,2,39.8,100
Local,2,239.76,100
Local,24,300,100
Super Store,16,559.84,100
Mall Kiosk,8,143.92,100
Mall Kiosk,4,1120,100
Outlet,4,100,100
Local,31,543.12,100
Mall Kiosk,5,180,100
Outlet,6,263.88,100
Outlet,5,1050,100
Super Store,5,559.8,100
Super Store,3,2376,100
Local,4,41.08,100
Outlet,7,18.69,100
Super Store,229,916,100
Local,2,46.9,100
Outlet,4,448,100
Mall Kiosk,31,186,100
Super Store,25,44.5,100
Super Store,6,230.58,100
Mall Kiosk,4,119.88,100
Mall Kiosk,2,219.78,100
Super Store,2,74.7,100
Outlet,4,112,100
Super Store,28,1259.16,100
Local,36,1512,100
Local,2,82.5,100
Super Store,4,41.28,100
Outlet,2,9.38,100
Mall Kiosk,4,511.68,100
Local,18,592.02,100
Local,27,229.5,100
Super Store,12,1799.28,100
Mall Kiosk,5,749.7,100
Local,4,1059.8,100
Super Store,2,43.94,100
Super Store,4,35.2,100
Super Store,4,423.92,100
Local,79,4740,100
Local,2,784,100
Mall Kiosk,3,154.44,100
Super Store,5,540,100
Outlet,2,60.06,100
Local,4,1751.52,100
Mall Kiosk,3,386.91,100
Super Store,10,239.4,100
Mall Kiosk,2,336,100
Mall Kiosk,3,156,100
Mall Kiosk,3,882,100
Outlet,3,66,100
Super Store,2,139.8,100
Super Store,18,197.64,100
Mall Kiosk,2,4.6,100
Outlet,8,2560,100
Mall Kiosk,5,39.95,100
Local,58,1044,100
Outlet,2,479.84,100
Local,16,1067.04,100
Super Store,3,1080,100
Local,9,323.46,100
Super Store,2,46.98,100
Outlet,4,360,100
Super Store,2,163.96,100
Local,75,830.25,100
Super Store,2,72.98,100
Mall Kiosk,17,2040,100
Outlet,2,6.76,100
Local,3,312,100
Local,9,2591.64,100
Super Store,2,43.04,100
Local,38,256.88,100
Mall Kiosk,2,20.86,100
Local,74,1995.78,100
Super Store,2,59.04,100
Mall Kiosk,20,131.4,100
Super Store,8,25.28,100
Outlet,13,584.61,100
Local,2,13.8,100
Super Store,5,319.9,100
Outlet,3,5.88,100
Super Store,30,1678.8,100
Local,2,74.58,100
Mall Kiosk,91,1092,100
Mall Kiosk,2,300,100
Local,5,42.25,100
Local,57,750.12,100
Local,16,1792,100
Local,4,623.48,100
Super Store,2,195.72,100
Local,3,587.79,100
Local,17,381.65,100
Mall Kiosk,5,502.35,100
Mall Kiosk,86,1376,100
Local,2,104.4,100
Outlet,4,71.88,100
Mall Kiosk,45,4676.4,100
Local,17,1630.64,100
Local,7,309.96,100
Local,122,7315.12,100
Local,24,780,100
Local,3,395.82,100
Mall Kiosk,5,699.65,100
Super Store,25,599,100
Local,25,7600,100
Local,23,45.08,100
Mall Kiosk,11,1980,100
Local,4,129.48,100
Local,140,2450,100
Mall Kiosk,12,420,100
Mall Kiosk,11,82.5,100
Outlet,2,195.86,100
Outlet,3,5.67,100
Local,8,70.4,100
Local,149,7447.02,100
Outlet,4,220,100
Mall Kiosk,44,350.24,100
Mall Kiosk,23,1242,100
Local,5,1094.7,100
Outlet,5,159.6,100
Super Store,2,1000,100
Local,4,467.48,100
Local,589,47120,100
Local,24,838.8,100
Local,11,145.53,100
Super Store,11,1033.56,100
Super Store,5,189.8,100
Local,62,8677.52,100
Outlet,2,99.98,100
Local,348,2784,100
Local,3,75.33,100
Super Store,51,1122,100
Local,19,11115,100
Super Store,22,219.12,100
Outlet,2,131.88,100
Local,7,685.02,100
Mall Kiosk,17,1088,100
Local,7,269.5,100
Super Store,4,30.96,100
Super Store,3,89.64,100
Mall Kiosk,7,756,100
Local,55,163.9,100
Mall Kiosk,2,43.98,100
Super Store,9,720,100
Outlet,8,1055.68,100
Local,69,4552.62,100
Outlet,2,247.92,100
Local,19,159.03,100
Outlet,15,3000,100
Local,15,4290,100
Super Store,15,329.4,100
Outlet,2,480,100
Super Store,6,1799.1,100
Mall Kiosk,2,154,100
Mall Kiosk,11,2145,100
Super Store,11,110,100
Outlet,3,11.34,100
Super Store,37,3698.52,100
Mall Kiosk,4,576,100
Local,49,9702,100
Mall Kiosk,22,66,100
Outlet,2,839.76,100
Local,5,274.75,100
Local,32,6272,100
Local,29,4060,100
Mall Kiosk,2,57.48,100
Super Store,4,364,100
Mall Kiosk,6,78,100
Mall Kiosk,2,389.74,100
Local,258,46440,100
Local,9,22.95,100
Outlet,2,32.28,100
Local,118,1180,100
Local,35,132.3,100
Super Store,2,85.8,100
Mall Kiosk,11,385,100
Outlet,4,128,100
Super Store,2,52,100
Super Store,4,263.76,100
Mall Kiosk,2,480,100
Super Store,2,760,100
Super Store,2,836,100
Local,48,3070.08,100
Local,25,281.25,100
Local,3,1559.61,100
Mall Kiosk,3,16.2,100
Mall Kiosk,9,432,100
Super Store,69,549.24,100
Super Store,15,450,100
Outlet,13,195,100
Mall Kiosk,2,45,100
Local,112,784,100
Local,4,20,100
Super Store,5,480,100
Outlet,8,384,100
Mall Kiosk,9,62.82,100
Super Store,2,4.6,100
Local,20,2800,100
Local,44,144.76,100
Outlet,2,504,100
Local,48,6144,100
Local,30,1198.8,100
Super Store,3,91.98,100
Local,13,100.1,100
Super Store,8,279.6,100
Outlet,4,27.2,100
Local,8,6400,100
Super Store,65,5850,100
Mall Kiosk,8,287.84,100
Mall Kiosk,2,329.78,100
Super Store,8,144,100
Super Store,31,77.19,100
Local,3,138.18,100
Mall Kiosk,9,2879.28,100
Local,9,323.28,100
Outlet,4,43.8,100
Super Store,19,280.44,100
Local,15,178.8,100
Super Store,5,179.4,100
Local,4,83.44,100
Super Store,40,999.6,100
Super Store,2,359.76,100
Mall Kiosk,3,974.61,100
Local,5,935,100
Super Store,3,197.64,100
Local,14,3023.58,100
Mall Kiosk,19,28.5,100
Local,133,199.5,100
Super Store,2,1140,100
Outlet,5,179.85,100
Mall Kiosk,4,26.4,100
Local,7,231,100
Super Store,2,367.84,100
Mall Kiosk,2,20.64,100
Mall Kiosk,4,923.72,100
Outlet,6,53.88,100
Mall Kiosk,4,960,100
Outlet,7,280,100
Local,2,69.6,100
Local,2,13.5,100
Mall Kiosk,3,179.85,100
Local,7,2205,100
Super Store,10,269.1,100
Mall Kiosk,10,360,100
Outlet,2,359.92,100
Local,5,555.75,100
Local,30,1800,100
Local,3,83.7,100
Local,2,280,100
Outlet,2,1188,100
Outlet,9,540,100
Mall Kiosk,7,19.53,100
Outlet,4,51.92,100
Outlet,2,47.9,100
Mall Kiosk,5,1300,100
Outlet,3,16.56,100
Super Store,6,66.96,100
Local,53,530,100
Mall Kiosk,2,360,100
Local,250,3000,100
Local,10,516.6,100
Local,40,360,100
Mall Kiosk,3,1440,100
Local,16,863.04,100
Mall Kiosk,10,239.4,100
Local,210,15120,100
Super Store,56,2520,100
Outlet,97,291,100
Local,4,1664,100
Local,3,593.73,100
Outlet,9,576,100
Mall Kiosk,2,220,100
Local,16,413.92,100
Super Store,7,1259.86,100
Mall Kiosk,2,320,100
Outlet,6,390,100
Local,2,433.86,100
Outlet,5,149.85,100
Local,230,20240,100
Super Store,3,594,100
Mall Kiosk,3,16.02,100
Outlet,3,16.74,100
Mall Kiosk,8,2200,100
Mall Kiosk,5,31.15,100
Local,42,1428,100
Local,29,2175,100
Super Store,2,28.38,100
Super Store,4,999.6,100
Super Store,13,2078.96,100
Super Store,2,107.76,100
Mall Kiosk,4,7.56,100
Mall Kiosk,118,7080,100
Super Store,2,351.78,100
Outlet,2,143.84,100
Mall Kiosk,6,225,100
Local,2,69.94,100
Super Store,2,266.4,100
Local,3,404.85,100
Local,3,4158,100
Local,28,616,100
Outlet,13,494,100
Local,7,1343.16,100
Local,17,94.52,100
Local,164,32800,100
Local,15,1934.55,100
Super Store,3,371.88,100
Super Store,8,140,100
Local,46,68.54,100
Outlet,29,462.84,100
Mall Kiosk,12,960,100
Outlet,2,42.9,100
Local,13,402.87,100
Super Store,10,239.8,100
Outlet,3,28.98,100
Super Store,13,520,100
Outlet,10,150,100
Outlet,8,200,100
Mall Kiosk,17,2870.79,100
Local,2,2574,100
Super Store,2,93.96,100
Local,2,447.84,100
Local,4,34,100
Super Store,3,230.67,100
Super Store,16,159.2,100
Local,398,19104,100
Mall Kiosk,2,76.86,100
Local,3,6480,100
Local,105,1783.95,100
Mall Kiosk,96,240,100
Local,6,960,100
Local,35,7350,100
Local,117,7488,100
Outlet,10,719.6,100
Mall Kiosk,17,2584,100
Super Store,3,1620,100
Local,4,503.64,100
Outlet,2,112,100
Mall Kiosk,15,449.85,100
Mall Kiosk,4,291.92,100
Super Store,12,125.64,100
Mall Kiosk,49,5880,100
Mall Kiosk,10,44.9,100
Super Store,2,18.76,100
Local,29,3248,100
Mall Kiosk,2,17.4,100
Super Store,2,161.82,100
Super Store,2,288,100
Mall Kiosk,2,215.76,100
Local,8,3360,100
Local,9,20.7,100
Local,114,405.84,100
Local,5,2474.25,100
Mall Kiosk,7,27.09,100
Super Store,3,1680,100
Outlet,2,51,100
Mall Kiosk,45,225,100
Outlet,7,559.86,100
Local,698,17450,100
Outlet,7,293.58,100
